Source,CH1
Second,Volt
-0.00020480000,1.64000
-0.00020470000,1.60000
-0.00020460000,1.64000
-0.00020450000,1.68000
-0.00020440000,1.60000
-0.00020430000,1.68000
-0.00020420000,1.64000
-0.00020410000,1.68000
-0.00020400000,1.60000
-0.00020390002,1.64000
-0.00020380002,1.64000
-0.00020370002,1.68000
-0.00020360000,1.68000
-0.00020350000,1.64000
-0.00020340000,1.64000
-0.00020330000,1.68000
-0.00020320000,1.64000
-0.00020310000,1.64000
-0.00020300000,1.64000
-0.00020290000,1.64000
-0.00020280000,1.64000
-0.00020270000,1.64000
-0.00020260000,1.64000
-0.00020250000,1.64000
-0.00020240000,1.64000
-0.00020230000,1.60000
-0.00020220000,1.60000
-0.00020210000,1.68000
-0.00020200000,1.64000
-0.00020190002,1.60000
-0.00020180002,1.60000
-0.00020170002,1.64000
-0.00020160000,1.68000
-0.00020150000,1.64000
-0.00020140000,1.64000
-0.00020130000,1.64000
-0.00020120000,1.64000
-0.00020110000,1.68000
-0.00020100000,1.60000
-0.00020090000,1.68000
-0.00020080000,1.64000
-0.00020070000,1.68000
-0.00020060000,1.64000
-0.00020050000,1.64000
-0.00020040000,1.64000
-0.00020030000,1.68000
-0.00020020000,1.64000
-0.00020010000,1.68000
-0.00020000000,1.64000
-0.00019990002,1.64000
-0.00019980002,1.64000
-0.00019970000,1.64000
-0.00019960000,1.64000
-0.00019950000,1.64000
-0.00019940000,1.64000
-0.00019930000,1.68000
-0.00019920000,1.68000
-0.00019910000,1.64000
-0.00019900000,1.64000
-0.00019890000,1.64000
-0.00019880000,1.64000
-0.00019870000,1.64000
-0.00019860000,1.60000
-0.00019850000,1.64000
-0.00019840000,1.68000
-0.00019830000,1.68000
-0.00019820000,1.68000
-0.00019810000,1.68000
-0.00019800000,1.64000
-0.00019790002,1.64000
-0.00019780000,1.64000
-0.00019770000,1.64000
-0.00019760000,1.60000
-0.00019750000,1.60000
-0.00019740000,1.64000
-0.00019730000,1.68000
-0.00019720000,1.64000
-0.00019710000,1.72000
-0.00019700000,1.68000
-0.00019690000,1.68000
-0.00019680000,1.64000
-0.00019670000,1.68000
-0.00019660000,1.64000
-0.00019650000,1.64000
-0.00019640000,1.68000
-0.00019630000,1.64000
-0.00019620000,1.64000
-0.00019610000,1.68000
-0.00019600000,1.64000
-0.00019590000,1.64000
-0.00019580000,1.60000
-0.00019570000,1.64000
-0.00019560000,1.64000
-0.00019550000,1.68000
-0.00019540000,1.64000
-0.00019530000,1.64000
-0.00019520000,1.64000
-0.00019510000,1.64000
-0.00019500000,1.64000
-0.00019490000,1.68000
-0.00019480000,1.64000
-0.00019470000,1.64000
-0.00019460000,1.64000
-0.00019450000,1.64000
-0.00019440000,1.64000
-0.00019430000,1.60000
-0.00019420000,1.64000
-0.00019410000,1.64000
-0.00019400000,1.64000
-0.00019390000,1.60000
-0.00019380000,1.64000
-0.00019370000,1.64000
-0.00019360000,1.64000
-0.00019350000,1.64000
-0.00019340000,1.64000
-0.00019330000,1.68000
-0.00019320000,1.64000
-0.00019310000,1.64000
-0.00019300000,1.60000
-0.00019290002,1.64000
-0.00019280002,1.64000
-0.00019270002,1.72000
-0.00019260002,1.64000
-0.00019250002,1.64000
-0.00019240002,1.60000
-0.00019230002,1.64000
-0.00019220002,1.64000
-0.00019210000,1.68000
-0.00019200000,1.68000
-0.00019190000,1.64000
-0.00019180000,1.64000
-0.00019170000,1.64000
-0.00019160000,1.64000
-0.00019150000,1.64000
-0.00019140000,1.68000
-0.00019130000,1.64000
-0.00019120000,1.64000
-0.00019110000,1.68000
-0.00019100000,1.68000
-0.00019090002,1.64000
-0.00019080002,1.64000
-0.00019070002,1.68000
-0.00019060002,1.64000
-0.00019050002,1.64000
-0.00019040002,1.68000
-0.00019030002,1.64000
-0.00019020000,1.64000
-0.00019010000,1.64000
-0.00019000000,1.68000
-0.00018990000,1.64000
-0.00018980000,1.64000
-0.00018970000,1.64000
-0.00018960000,1.64000
-0.00018950000,1.60000
-0.00018940000,1.64000
-0.00018930000,1.64000
-0.00018920000,1.64000
-0.00018910000,1.64000
-0.00018900000,1.68000
-0.00018890002,1.64000
-0.00018880002,1.72000
-0.00018870002,1.68000
-0.00018860002,1.60000
-0.00018850002,1.68000
-0.00018840002,1.64000
-0.00018830000,1.64000
-0.00018820000,1.68000
-0.00018810000,1.64000
-0.00018800000,1.60000
-0.00018790000,1.68000
-0.00018780000,1.60000
-0.00018770000,1.68000
-0.00018760000,1.64000
-0.00018750000,1.68000
-0.00018740000,1.60000
-0.00018730000,1.64000
-0.00018720000,1.64000
-0.00018710000,1.64000
-0.00018700000,1.68000
-0.00018690002,1.64000
-0.00018680002,1.64000
-0.00018670002,1.64000
-0.00018660002,1.64000
-0.00018650002,1.64000
-0.00018640000,1.64000
-0.00018630000,1.68000
-0.00018620000,1.64000
-0.00018610000,1.60000
-0.00018600000,1.64000
-0.00018590000,1.60000
-0.00018580000,1.64000
-0.00018570000,1.64000
-0.00018560000,1.64000
-0.00018550000,1.68000
-0.00018540000,1.68000
-0.00018530000,1.64000
-0.00018520000,1.64000
-0.00018510000,1.68000
-0.00018500000,1.64000
-0.00018490002,1.64000
-0.00018480002,1.64000
-0.00018470002,1.64000
-0.00018460002,1.64000
-0.00018450002,1.64000
-0.00018440000,1.64000
-0.00018430000,1.68000
-0.00018420000,1.68000
-0.00018410000,1.64000
-0.00018400000,1.68000
-0.00018390000,1.64000
-0.00018380000,1.68000
-0.00018370000,1.60000
-0.00018360000,1.68000
-0.00018350000,1.64000
-0.00018340000,1.64000
-0.00018330000,1.64000
-0.00018320000,1.60000
-0.00018310000,1.64000
-0.00018300000,1.68000
-0.00018290002,1.60000
-0.00018280002,1.64000
-0.00018270002,1.64000
-0.00018260002,1.64000
-0.00018250000,1.64000
-0.00018240000,1.64000
-0.00018230000,1.64000
-0.00018220000,1.64000
-0.00018210000,1.64000
-0.00018200000,1.64000
-0.00018190000,1.68000
-0.00018180000,1.64000
-0.00018170000,1.68000
-0.00018160000,1.64000
-0.00018150000,1.68000
-0.00018140000,1.64000
-0.00018130000,1.68000
-0.00018120000,1.64000
-0.00018110000,1.64000
-0.00018100000,1.64000
-0.00018090002,1.64000
-0.00018080002,1.64000
-0.00018070002,1.64000
-0.00018060000,1.60000
-0.00018050000,1.64000
-0.00018040000,1.64000
-0.00018030000,1.64000
-0.00018020000,1.60000
-0.00018010000,1.68000
-0.00018000000,1.68000
-0.00017990000,1.64000
-0.00017980000,1.64000
-0.00017970000,1.64000
-0.00017960000,1.64000
-0.00017950000,1.68000
-0.00017940000,1.64000
-0.00017930000,1.60000
-0.00017920000,1.68000
-0.00017910000,1.72000
-0.00017900000,1.68000
-0.00017890002,1.64000
-0.00017880002,1.64000
-0.00017870000,1.64000
-0.00017860000,1.64000
-0.00017850000,1.64000
-0.00017840000,1.60000
-0.00017830000,1.68000
-0.00017820000,1.64000
-0.00017810000,1.68000
-0.00017800000,1.64000
-0.00017790000,1.64000
-0.00017780000,1.60000
-0.00017770000,1.68000
-0.00017760000,1.64000
-0.00017750000,1.68000
-0.00017740000,1.64000
-0.00017730000,1.64000
-0.00017720000,1.64000
-0.00017710000,1.64000
-0.00017700000,1.60000
-0.00017690002,1.68000
-0.00017680000,1.64000
-0.00017670000,1.64000
-0.00017660000,1.64000
-0.00017650000,1.64000
-0.00017640000,1.64000
-0.00017630000,1.64000
-0.00017620000,1.64000
-0.00017610000,1.64000
-0.00017600000,1.64000
-0.00017590000,1.64000
-0.00017580000,1.64000
-0.00017570000,1.60000
-0.00017560000,1.64000
-0.00017550000,1.64000
-0.00017540000,1.64000
-0.00017530000,1.64000
-0.00017520000,1.64000
-0.00017510000,1.64000
-0.00017500000,1.68000
-0.00017490000,1.68000
-0.00017480000,1.64000
-0.00017470000,1.64000
-0.00017460000,1.64000
-0.00017450000,1.60000
-0.00017440000,1.64000
-0.00017430000,1.64000
-0.00017420000,1.64000
-0.00017410000,1.64000
-0.00017400000,1.64000
-0.00017390000,1.68000
-0.00017380000,1.60000
-0.00017370000,1.60000
-0.00017360000,1.64000
-0.00017350000,1.64000
-0.00017340000,1.64000
-0.00017330000,1.60000
-0.00017320000,1.68000
-0.00017310000,1.68000
-0.00017300000,1.64000
-0.00017290000,1.68000
-0.00017280000,1.68000
-0.00017270000,1.68000
-0.00017260000,1.60000
-0.00017250000,1.68000
-0.00017240000,1.64000
-0.00017230000,1.64000
-0.00017220000,1.64000
-0.00017210000,1.64000
-0.00017200000,1.64000
-0.00017190000,1.64000
-0.00017180000,1.64000
-0.00017170000,1.68000
-0.00017160000,1.60000
-0.00017150000,1.60000
-0.00017140000,1.64000
-0.00017130000,1.68000
-0.00017120000,1.64000
-0.00017110000,1.68000
-0.00017100000,1.72000
-0.00017090000,1.72000
-0.00017080000,1.64000
-0.00017070000,1.68000
-0.00017060000,1.64000
-0.00017050000,1.68000
-0.00017040000,1.64000
-0.00017030000,1.68000
-0.00017020000,1.64000
-0.00017010000,1.68000
-0.00017000000,1.64000
-0.00016990002,1.64000
-0.00016980002,1.68000
-0.00016970002,1.64000
-0.00016960002,1.64000
-0.00016950002,1.68000
-0.00016940002,1.64000
-0.00016930002,1.68000
-0.00016920000,1.68000
-0.00016910000,1.64000
-0.00016900000,1.60000
-0.00016890000,1.64000
-0.00016880000,1.64000
-0.00016870000,1.64000
-0.00016860000,1.64000
-0.00016850000,1.64000
-0.00016840000,1.64000
-0.00016830000,1.64000
-0.00016820000,1.64000
-0.00016810000,1.64000
-0.00016800000,1.64000
-0.00016790002,1.68000
-0.00016780002,1.64000
-0.00016770002,1.68000
-0.00016760002,1.64000
-0.00016750002,1.64000
-0.00016740002,1.64000
-0.00016730002,1.64000
-0.00016720000,1.64000
-0.00016710000,1.64000
-0.00016700000,1.64000
-0.00016690000,1.64000
-0.00016680000,1.64000
-0.00016670000,1.72000
-0.00016660000,1.64000
-0.00016650000,1.64000
-0.00016640000,1.64000
-0.00016630000,1.64000
-0.00016620000,1.68000
-0.00016610000,1.68000
-0.00016600000,1.68000
-0.00016590002,1.64000
-0.00016580002,1.64000
-0.00016570002,1.64000
-0.00016560002,1.64000
-0.00016550002,1.60000
-0.00016540002,1.68000
-0.00016530000,1.64000
-0.00016520000,1.68000
-0.00016510000,1.68000
-0.00016500000,1.64000
-0.00016490000,1.64000
-0.00016480000,1.64000
-0.00016470000,1.64000
-0.00016460000,1.64000
-0.00016450000,1.68000
-0.00016440000,1.68000
-0.00016430000,1.68000
-0.00016420000,1.68000
-0.00016410000,1.64000
-0.00016400000,1.64000
-0.00016390002,1.64000
-0.00016380002,1.68000
-0.00016370002,1.64000
-0.00016360002,1.64000
-0.00016350002,1.64000
-0.00016340000,1.64000
-0.00016330000,1.64000
-0.00016320000,1.64000
-0.00016310000,1.64000
-0.00016300000,1.64000
-0.00016290000,1.68000
-0.00016280000,1.64000
-0.00016270000,1.64000
-0.00016260000,1.64000
-0.00016250000,1.64000
-0.00016240000,1.60000
-0.00016230000,1.68000
-0.00016220000,1.64000
-0.00016210000,1.68000
-0.00016200000,1.64000
-0.00016190002,1.64000
-0.00016180002,1.60000
-0.00016170002,1.68000
-0.00016160002,1.68000
-0.00016150000,1.68000
-0.00016140000,1.68000
-0.00016130000,1.60000
-0.00016120000,1.64000
-0.00016110000,1.64000
-0.00016100000,1.64000
-0.00016090000,1.60000
-0.00016080000,1.64000
-0.00016070000,1.68000
-0.00016060000,1.64000
-0.00016050000,1.64000
-0.00016040000,1.64000
-0.00016030000,1.64000
-0.00016020000,1.64000
-0.00016010000,1.64000
-0.00016000000,1.68000
-0.00015990002,1.68000
-0.00015980002,1.64000
-0.00015970002,1.64000
-0.00015960000,1.64000
-0.00015950000,1.68000
-0.00015940000,1.64000
-0.00015930000,1.64000
-0.00015920000,1.64000
-0.00015910000,1.64000
-0.00015900000,1.64000
-0.00015890000,1.60000
-0.00015880000,1.64000
-0.00015870000,1.68000
-0.00015860000,1.68000
-0.00015850000,1.64000
-0.00015840000,1.64000
-0.00015830000,1.72000
-0.00015820000,1.64000
-0.00015810000,1.64000
-0.00015800000,1.64000
-0.00015790002,1.68000
-0.00015780002,1.68000
-0.00015770000,1.64000
-0.00015760000,1.64000
-0.00015750000,1.60000
-0.00015740000,1.60000
-0.00015730000,1.64000
-0.00015720000,1.68000
-0.00015710000,1.68000
-0.00015700000,1.64000
-0.00015690000,1.64000
-0.00015680000,1.64000
-0.00015670000,1.64000
-0.00015660000,1.64000
-0.00015650000,1.64000
-0.00015640000,1.64000
-0.00015630000,1.60000
-0.00015620000,1.64000
-0.00015610000,1.68000
-0.00015600000,1.64000
-0.00015590002,1.68000
-0.00015580000,1.64000
-0.00015570000,1.68000
-0.00015560000,1.60000
-0.00015550000,1.64000
-0.00015540000,1.68000
-0.00015530000,1.60000
-0.00015520000,1.64000
-0.00015510000,1.64000
-0.00015500000,1.68000
-0.00015490000,1.68000
-0.00015480000,1.64000
-0.00015470000,1.64000
-0.00015460000,1.64000
-0.00015450000,1.68000
-0.00015440000,1.64000
-0.00015430000,1.60000
-0.00015420000,1.64000
-0.00015410000,1.72000
-0.00015400000,1.64000
-0.00015390000,1.68000
-0.00015380000,1.64000
-0.00015370000,1.64000
-0.00015360000,1.64000
-0.00015350000,1.64000
-0.00015340000,1.64000
-0.00015330000,1.64000
-0.00015320000,1.68000
-0.00015310000,1.68000
-0.00015300000,1.64000
-0.00015290000,1.68000
-0.00015280000,1.64000
-0.00015270000,1.60000
-0.00015260000,1.64000
-0.00015250000,1.64000
-0.00015240000,1.64000
-0.00015230000,1.64000
-0.00015220000,1.68000
-0.00015210000,1.68000
-0.00015200000,1.64000
-0.00015190000,1.60000
-0.00015180000,1.64000
-0.00015170000,1.64000
-0.00015160000,1.64000
-0.00015150000,1.68000
-0.00015140000,1.64000
-0.00015130000,1.64000
-0.00015120000,1.64000
-0.00015110000,1.64000
-0.00015100000,1.60000
-0.00015090000,1.68000
-0.00015080000,1.64000
-0.00015070000,1.64000
-0.00015060000,1.64000
-0.00015050000,1.64000
-0.00015040000,1.64000
-0.00015030000,1.64000
-0.00015020000,1.68000
-0.00015010000,1.64000
-0.00015000000,1.64000
-0.00014989998,1.64000
-0.00014979998,1.60000
-0.00014969998,1.64000
-0.00014959998,1.64000
-0.00014949998,1.64000
-0.00014939998,1.60000
-0.00014929998,1.68000
-0.00014919998,1.68000
-0.00014909998,1.68000
-0.00014900000,1.60000
-0.00014890000,1.68000
-0.00014880000,1.64000
-0.00014870000,1.64000
-0.00014860000,1.64000
-0.00014850000,1.68000
-0.00014840000,1.64000
-0.00014830000,1.64000
-0.00014820000,1.64000
-0.00014810000,1.64000
-0.00014800000,1.64000
-0.00014790000,1.68000
-0.00014780000,1.64000
-0.00014770000,1.68000
-0.00014760000,1.60000
-0.00014750000,1.68000
-0.00014740000,1.64000
-0.00014730000,1.68000
-0.00014720000,1.64000
-0.00014710000,1.60000
-0.00014700000,1.64000
-0.00014690000,1.64000
-0.00014680000,1.64000
-0.00014670000,1.68000
-0.00014660000,1.64000
-0.00014650000,1.64000
-0.00014640000,1.64000
-0.00014630000,1.60000
-0.00014620000,1.64000
-0.00014609998,1.64000
-0.00014600000,1.64000
-0.00014590000,1.68000
-0.00014580000,1.64000
-0.00014570000,1.64000
-0.00014560000,1.64000
-0.00014550000,1.64000
-0.00014540000,1.64000
-0.00014530000,1.64000
-0.00014520000,1.64000
-0.00014510000,1.64000
-0.00014500000,1.68000
-0.00014490000,1.72000
-0.00014480000,1.64000
-0.00014470000,1.64000
-0.00014460000,1.60000
-0.00014450000,1.64000
-0.00014440000,1.64000
-0.00014430000,1.68000
-0.00014419998,1.64000
-0.00014409998,1.68000
-0.00014400000,1.64000
-0.00014390000,1.64000
-0.00014380000,1.60000
-0.00014370000,1.64000
-0.00014360000,1.64000
-0.00014350000,1.64000
-0.00014340000,1.68000
-0.00014330000,1.68000
-0.00014320000,1.64000
-0.00014310000,1.64000
-0.00014300000,1.64000
-0.00014290000,1.68000
-0.00014280000,1.68000
-0.00014270000,1.64000
-0.00014260000,1.68000
-0.00014250000,1.68000
-0.00014240000,1.68000
-0.00014229998,1.64000
-0.00014219998,1.64000
-0.00014209998,1.64000
-0.00014200000,1.64000
-0.00014190000,1.68000
-0.00014180000,1.64000
-0.00014170000,1.64000
-0.00014160000,1.60000
-0.00014150000,1.64000
-0.00014140000,1.64000
-0.00014130000,1.68000
-0.00014120000,1.60000
-0.00014110000,1.68000
-0.00014100000,1.68000
-0.00014090000,1.60000
-0.00014080000,1.68000
-0.00014070000,1.64000
-0.00014060000,1.68000
-0.00014050000,1.68000
-0.00014040000,1.64000
-0.00014029998,1.64000
-0.00014019998,1.68000
-0.00014009998,1.64000
-0.00014000000,1.64000
-0.00013990000,1.64000
-0.00013980000,1.64000
-0.00013970000,1.68000
-0.00013960000,1.64000
-0.00013950000,1.68000
-0.00013940000,1.64000
-0.00013930000,1.64000
-0.00013920000,1.64000
-0.00013910000,1.60000
-0.00013900000,1.64000
-0.00013890000,1.64000
-0.00013880000,1.64000
-0.00013870000,1.68000
-0.00013860000,1.64000
-0.00013850000,1.68000
-0.00013839998,1.64000
-0.00013829998,1.68000
-0.00013819998,1.68000
-0.00013809998,1.64000
-0.00013800000,1.68000
-0.00013790000,1.64000
-0.00013780000,1.60000
-0.00013770000,1.64000
-0.00013760000,1.64000
-0.00013750000,1.64000
-0.00013740000,1.64000
-0.00013730000,1.64000
-0.00013720000,1.64000
-0.00013710000,1.72000
-0.00013700000,1.60000
-0.00013690000,1.64000
-0.00013680000,1.64000
-0.00013670000,1.64000
-0.00013660000,1.64000
-0.00013649998,1.64000
-0.00013639998,1.68000
-0.00013629998,1.68000
-0.00013619998,1.68000
-0.00013609998,1.68000
-0.00013600000,1.68000
-0.00013590000,1.64000
-0.00013580000,1.60000
-0.00013570000,1.60000
-0.00013560000,1.64000
-0.00013550000,1.64000
-0.00013540000,1.64000
-0.00013530000,1.68000
-0.00013520000,1.64000
-0.00013510000,1.68000
-0.00013500000,1.64000
-0.00013490000,1.68000
-0.00013480000,1.64000
-0.00013470000,1.64000
-0.00013459998,1.60000
-0.00013449998,1.68000
-0.00013439998,1.64000
-0.00013429998,1.64000
-0.00013419998,1.64000
-0.00013409998,1.68000
-0.00013400000,1.64000
-0.00013390000,1.68000
-0.00013380000,1.64000
-0.00013370000,1.64000
-0.00013360000,1.64000
-0.00013350000,1.64000
-0.00013340000,1.64000
-0.00013330000,1.64000
-0.00013320000,1.64000
-0.00013310000,1.64000
-0.00013300000,1.64000
-0.00013290000,1.68000
-0.00013280000,1.64000
-0.00013269998,1.64000
-0.00013259998,1.60000
-0.00013249998,1.64000
-0.00013239998,1.68000
-0.00013229998,1.64000
-0.00013219998,1.68000
-0.00013209998,1.68000
-0.00013200000,1.64000
-0.00013190000,1.64000
-0.00013180000,1.64000
-0.00013170000,1.68000
-0.00013160000,1.64000
-0.00013150000,1.60000
-0.00013140000,1.64000
-0.00013130000,1.64000
-0.00013120000,1.60000
-0.00013110000,1.64000
-0.00013099999,1.68000
-0.00013089999,1.64000
-0.00013079999,1.64000
-0.00013069999,1.68000
-0.00013059999,1.64000
-0.00013049999,1.64000
-0.00013039999,1.64000
-0.00013029998,1.60000
-0.00013019998,1.64000
-0.00013009998,1.68000
-0.00013000000,1.64000
-0.00012990000,1.64000
-0.00012980000,1.64000
-0.00012970000,1.64000
-0.00012960000,1.64000
-0.00012950000,1.64000
-0.00012939999,1.64000
-0.00012929999,1.72000
-0.00012919999,1.64000
-0.00012909999,1.64000
-0.00012899999,1.64000
-0.00012889999,1.64000
-0.00012879999,1.68000
-0.00012869999,1.64000
-0.00012859999,1.64000
-0.00012849999,1.64000
-0.00012839998,1.64000
-0.00012829998,1.64000
-0.00012819998,1.64000
-0.00012809998,1.60000
-0.00012800000,1.64000
-0.00012790000,1.64000
-0.00012780000,1.60000
-0.00012770000,1.64000
-0.00012760000,1.72000
-0.00012749999,1.68000
-0.00012739999,1.60000
-0.00012729999,1.64000
-0.00012719999,1.60000
-0.00012709999,1.68000
-0.00012700001,1.64000
-0.00012690001,1.64000
-0.00012680001,1.64000
-0.00012670001,1.64000
-0.00012660000,1.64000
-0.00012650000,1.60000
-0.00012640000,1.64000
-0.00012630000,1.64000
-0.00012620000,1.64000
-0.00012610000,1.60000
-0.00012600000,1.64000
-0.00012590000,1.64000
-0.00012580000,1.64000
-0.00012570000,1.64000
-0.00012559999,1.64000
-0.00012549999,1.64000
-0.00012539999,1.64000
-0.00012529999,1.68000
-0.00012519999,1.68000
-0.00012509999,1.64000
-0.00012500001,1.64000
-0.00012490001,1.64000
-0.00012480001,1.64000
-0.00012470000,1.64000
-0.00012460000,1.64000
-0.00012450000,1.68000
-0.00012440000,1.68000
-0.00012430000,1.60000
-0.00012420000,1.60000
-0.00012410000,1.64000
-0.00012400000,1.68000
-0.00012390000,1.68000
-0.00012380000,1.60000
-0.00012369999,1.68000
-0.00012359999,1.64000
-0.00012349999,1.64000
-0.00012339999,1.64000
-0.00012329999,1.60000
-0.00012319999,1.64000
-0.00012309999,1.64000
-0.00012300001,1.64000
-0.00012290001,1.64000
-0.00012280000,1.68000
-0.00012270000,1.64000
-0.00012260000,1.64000
-0.00012250000,1.68000
-0.00012240000,1.64000
-0.00012230000,1.68000
-0.00012220000,1.64000
-0.00012210000,1.68000
-0.00012200000,1.64000
-0.00012190000,1.64000
-0.00012180000,1.68000
-0.00012170000,1.64000
-0.00012160000,1.64000
-0.00012150000,1.60000
-0.00012140000,1.64000
-0.00012130000,1.64000
-0.00012120000,1.68000
-0.00012110000,1.64000
-0.00012100000,1.64000
-0.00012090000,1.64000
-0.00012080000,1.60000
-0.00012070000,1.64000
-0.00012060000,1.64000
-0.00012050000,1.64000
-0.00012040000,1.64000
-0.00012030000,1.64000
-0.00012020000,1.64000
-0.00012010000,1.60000
-0.00012000000,1.64000
-0.00011990000,1.72000
-0.00011980000,1.64000
-0.00011970000,1.64000
-0.00011960000,1.64000
-0.00011950000,1.64000
-0.00011940000,1.64000
-0.00011930000,1.64000
-0.00011920000,1.64000
-0.00011910000,1.68000
-0.00011900000,1.64000
-0.00011890000,1.64000
-0.00011880000,1.64000
-0.00011870000,1.64000
-0.00011859999,1.64000
-0.00011850000,1.72000
-0.00011840000,1.68000
-0.00011830000,1.68000
-0.00011820000,1.64000
-0.00011810000,1.68000
-0.00011800000,1.64000
-0.00011790000,1.64000
-0.00011780000,1.64000
-0.00011770000,1.64000
-0.00011759999,1.64000
-0.00011750000,1.64000
-0.00011740000,1.64000
-0.00011730000,1.64000
-0.00011720000,1.64000
-0.00011710000,1.68000
-0.00011700000,1.60000
-0.00011690000,1.64000
-0.00011680000,1.68000
-0.00011670000,1.68000
-0.00011660000,1.64000
-0.00011650001,1.64000
-0.00011640000,1.60000
-0.00011630000,1.64000
-0.00011620000,1.68000
-0.00011610000,1.60000
-0.00011600000,1.64000
-0.00011590000,1.64000
-0.00011580000,1.64000
-0.00011570000,1.64000
-0.00011560000,1.72000
-0.00011550001,1.64000
-0.00011540000,1.64000
-0.00011530000,1.60000
-0.00011520000,1.64000
-0.00011510000,1.64000
-0.00011500000,1.64000
-0.00011490000,1.68000
-0.00011480000,1.64000
-0.00011470000,1.64000
-0.00011460000,1.64000
-0.00011450000,1.64000
-0.00011440000,1.64000
-0.00011430000,1.64000
-0.00011420000,1.68000
-0.00011410000,1.72000
-0.00011400000,1.68000
-0.00011390000,1.64000
-0.00011380000,1.60000
-0.00011370000,1.64000
-0.00011360000,1.64000
-0.00011350000,1.64000
-0.00011340000,1.64000
-0.00011330000,1.64000
-0.00011320000,1.64000
-0.00011310000,1.60000
-0.00011300000,1.68000
-0.00011290000,1.64000
-0.00011280000,1.64000
-0.00011270000,1.68000
-0.00011260000,1.60000
-0.00011250000,1.68000
-0.00011240000,1.64000
-0.00011230000,1.68000
-0.00011220000,1.68000
-0.00011210000,1.64000
-0.00011200000,1.64000
-0.00011190000,1.64000
-0.00011180000,1.64000
-0.00011170000,1.64000
-0.00011160000,1.68000
-0.00011150000,1.64000
-0.00011140000,1.64000
-0.00011130000,1.60000
-0.00011120000,1.64000
-0.00011110000,1.64000
-0.00011100000,1.68000
-0.00011090000,1.68000
-0.00011080000,1.64000
-0.00011070000,1.68000
-0.00011060000,1.64000
-0.00011050000,1.64000
-0.00011040000,1.64000
-0.00011030000,1.64000
-0.00011020000,1.64000
-0.00011010000,1.68000
-0.00011000000,1.60000
-0.00010990000,1.60000
-0.00010980000,1.64000
-0.00010970000,1.68000
-0.00010960000,1.64000
-0.00010950000,1.64000
-0.00010940000,1.68000
-0.00010930000,1.64000
-0.00010920000,1.64000
-0.00010910000,1.64000
-0.00010900000,1.68000
-0.00010890000,1.68000
-0.00010880000,1.64000
-0.00010870000,1.68000
-0.00010860000,1.64000
-0.00010850000,1.60000
-0.00010840000,1.64000
-0.00010830000,1.60000
-0.00010820000,1.64000
-0.00010810000,1.64000
-0.00010800000,1.64000
-0.00010790000,1.64000
-0.00010780000,1.64000
-0.00010770000,1.68000
-0.00010760000,1.64000
-0.00010750000,1.64000
-0.00010740000,1.64000
-0.00010730000,1.64000
-0.00010720000,1.68000
-0.00010710000,1.64000
-0.00010700000,1.60000
-0.00010690000,1.60000
-0.00010680000,1.64000
-0.00010670000,1.64000
-0.00010660000,1.64000
-0.00010650000,1.68000
-0.00010640000,1.64000
-0.00010630000,1.60000
-0.00010620000,1.64000
-0.00010610000,1.64000
-0.00010600000,1.64000
-0.00010590000,1.72000
-0.00010580000,1.68000
-0.00010570000,1.64000
-0.00010560000,1.64000
-0.00010550000,1.64000
-0.00010540000,1.64000
-0.00010530000,1.68000
-0.00010520000,1.64000
-0.00010510000,1.68000
-0.00010500000,1.64000
-0.00010490000,1.68000
-0.00010480000,1.60000
-0.00010470000,1.68000
-0.00010459999,1.64000
-0.00010450000,1.68000
-0.00010440000,1.64000
-0.00010430000,1.64000
-0.00010420000,1.64000
-0.00010410000,1.64000
-0.00010400000,1.64000
-0.00010390000,1.64000
-0.00010380000,1.64000
-0.00010369999,1.64000
-0.00010359999,1.68000
-0.00010350000,1.60000
-0.00010340000,1.68000
-0.00010330000,1.68000
-0.00010320000,1.64000
-0.00010310000,1.64000
-0.00010300000,1.68000
-0.00010290000,1.64000
-0.00010280000,1.64000
-0.00010269999,1.68000
-0.00010259999,1.64000
-0.00010250000,1.60000
-0.00010240000,1.60000
-0.00010230000,1.64000
-0.00010220000,1.64000
-0.00010210000,1.68000
-0.00010200000,1.60000
-0.00010190000,1.60000
-0.00010179999,1.64000
-0.00010169999,1.64000
-0.00010159999,1.64000
-0.00010150000,1.64000
-0.00010140000,1.64000
-0.00010130000,1.64000
-0.00010120000,1.64000
-0.00010110000,1.72000
-0.00010100000,1.64000
-0.00010090000,1.60000
-0.00010079999,1.64000
-0.00010069999,1.68000
-0.00010059999,1.64000
-0.00010050000,1.68000
-0.00010040000,1.68000
-0.00010030000,1.64000
-0.00010020000,1.64000
-0.00010010000,1.64000
-0.00010000000,1.64000
-0.00009989999,1.64000
-0.00009979999,1.60000
-0.00009969999,1.68000
-0.00009959999,1.64000
-0.00009950000,1.64000
-0.00009940000,1.64000
-0.00009930000,1.68000
-0.00009920000,1.64000
-0.00009910000,1.60000
-0.00009900000,1.64000
-0.00009889999,1.68000
-0.00009879999,1.68000
-0.00009869999,1.64000
-0.00009859999,1.64000
-0.00009850000,1.68000
-0.00009840000,1.64000
-0.00009830000,1.68000
-0.00009820000,1.64000
-0.00009810000,1.64000
-0.00009799999,1.64000
-0.00009789999,1.64000
-0.00009779999,1.64000
-0.00009769999,1.64000
-0.00009759999,1.64000
-0.00009750000,1.64000
-0.00009740000,1.64000
-0.00009730000,1.64000
-0.00009720000,1.68000
-0.00009710000,1.64000
-0.00009699999,1.60000
-0.00009689999,1.68000
-0.00009679999,1.60000
-0.00009669999,1.68000
-0.00009659999,1.64000
-0.00009650000,1.68000
-0.00009640000,1.64000
-0.00009630000,1.64000
-0.00009620000,1.64000
-0.00009610000,1.60000
-0.00009600001,1.64000
-0.00009590000,1.64000
-0.00009580000,1.64000
-0.00009570000,1.64000
-0.00009560000,1.64000
-0.00009550001,1.64000
-0.00009540001,1.64000
-0.00009530001,1.64000
-0.00009520001,1.60000
-0.00009510001,1.68000
-0.00009500000,1.64000
-0.00009490000,1.68000
-0.00009480000,1.64000
-0.00009470000,1.68000
-0.00009460000,1.64000
-0.00009450001,1.60000
-0.00009440001,1.68000
-0.00009430001,1.64000
-0.00009420001,1.64000
-0.00009410001,1.64000
-0.00009400000,1.64000
-0.00009390000,1.68000
-0.00009380000,1.64000
-0.00009370000,1.68000
-0.00009360000,1.64000
-0.00009350001,1.68000
-0.00009340001,1.64000
-0.00009330001,1.64000
-0.00009320001,1.64000
-0.00009310001,1.60000
-0.00009300000,1.60000
-0.00009290000,1.68000
-0.00009280000,1.64000
-0.00009270000,1.64000
-0.00009260000,1.64000
-0.00009250001,1.64000
-0.00009240001,1.64000
-0.00009230001,1.64000
-0.00009220001,1.64000
-0.00009210000,1.68000
-0.00009200000,1.68000
-0.00009190000,1.68000
-0.00009180000,1.60000
-0.00009170000,1.64000
-0.00009160000,1.64000
-0.00009150001,1.64000
-0.00009140001,1.64000
-0.00009130001,1.64000
-0.00009120001,1.64000
-0.00009110000,1.64000
-0.00009100000,1.64000
-0.00009090000,1.64000
-0.00009080000,1.64000
-0.00009070000,1.64000
-0.00009060000,1.64000
-0.00009050001,1.68000
-0.00009040001,1.68000
-0.00009030001,1.68000
-0.00009020000,1.64000
-0.00009010000,1.64000
-0.00009000000,1.64000
-0.00008990000,1.64000
-0.00008980000,1.64000
-0.00008970000,1.64000
-0.00008960000,1.64000
-0.00008950001,1.68000
-0.00008940001,1.68000
-0.00008930001,1.64000
-0.00008920000,1.64000
-0.00008910000,1.64000
-0.00008900000,1.60000
-0.00008890000,1.64000
-0.00008880000,1.60000
-0.00008870000,1.64000
-0.00008860000,1.64000
-0.00008850001,1.64000
-0.00008840001,1.64000
-0.00008830000,1.64000
-0.00008820000,1.64000
-0.00008810000,1.64000
-0.00008800000,1.68000
-0.00008790000,1.68000
-0.00008780000,1.64000
-0.00008770000,1.64000
-0.00008760000,1.60000
-0.00008750001,1.68000
-0.00008740001,1.64000
-0.00008730000,1.60000
-0.00008720000,1.64000
-0.00008710000,1.68000
-0.00008700000,1.64000
-0.00008690000,1.60000
-0.00008680000,1.64000
-0.00008670000,1.64000
-0.00008660000,1.64000
-0.00008650001,1.64000
-0.00008640000,1.64000
-0.00008630000,1.68000
-0.00008620000,1.64000
-0.00008610000,1.60000
-0.00008600000,1.64000
-0.00008590000,1.64000
-0.00008580000,1.64000
-0.00008570000,1.64000
-0.00008560000,1.64000
-0.00008550001,1.68000
-0.00008540000,1.64000
-0.00008530000,1.64000
-0.00008520000,1.64000
-0.00008510000,1.64000
-0.00008500000,1.64000
-0.00008490000,1.64000
-0.00008480000,1.64000
-0.00008470000,1.68000
-0.00008459999,1.64000
-0.00008450001,1.64000
-0.00008440000,1.60000
-0.00008430000,1.64000
-0.00008420000,1.68000
-0.00008410000,1.64000
-0.00008400000,1.64000
-0.00008390000,1.64000
-0.00008380000,1.64000
-0.00008370000,1.64000
-0.00008359999,1.68000
-0.00008350000,1.64000
-0.00008340000,1.68000
-0.00008330000,1.64000
-0.00008320000,1.64000
-0.00008310000,1.64000
-0.00008300000,1.64000
-0.00008290000,1.64000
-0.00008280000,1.64000
-0.00008269999,1.64000
-0.00008259999,1.64000
-0.00008250000,1.64000
-0.00008240000,1.64000
-0.00008230000,1.64000
-0.00008220000,1.68000
-0.00008210000,1.60000
-0.00008200000,1.64000
-0.00008190000,1.64000
-0.00008180000,1.64000
-0.00008169999,1.64000
-0.00008159999,1.60000
-0.00008150000,1.64000
-0.00008140000,1.64000
-0.00008130000,1.68000
-0.00008120000,1.64000
-0.00008110000,1.68000
-0.00008100000,1.64000
-0.00008090000,1.64000
-0.00008079999,1.68000
-0.00008069999,1.60000
-0.00008059999,1.64000
-0.00008050000,1.64000
-0.00008040000,1.64000
-0.00008030000,1.64000
-0.00008020000,1.68000
-0.00008010000,1.64000
-0.00008000000,1.64000
-0.00007990000,1.64000
-0.00007979999,1.64000
-0.00007969999,1.64000
-0.00007959999,1.64000
-0.00007950000,1.64000
-0.00007940000,1.64000
-0.00007930000,1.68000
-0.00007920000,1.68000
-0.00007910000,1.68000
-0.00007900000,1.64000
-0.00007890000,1.68000
-0.00007879999,1.60000
-0.00007869999,1.60000
-0.00007859999,1.64000
-0.00007850000,1.68000
-0.00007840000,1.64000
-0.00007830000,1.68000
-0.00007820000,1.64000
-0.00007810000,1.64000
-0.00007800000,1.64000
-0.00007789999,1.64000
-0.00007779999,1.68000
-0.00007769999,1.64000
-0.00007759999,1.64000
-0.00007750000,1.64000
-0.00007740000,1.64000
-0.00007730000,1.64000
-0.00007720000,1.64000
-0.00007710000,1.64000
-0.00007700000,1.64000
-0.00007689999,1.68000
-0.00007679999,1.64000
-0.00007669999,1.68000
-0.00007659999,1.64000
-0.00007650000,1.68000
-0.00007640000,1.64000
-0.00007630000,1.64000
-0.00007620000,1.68000
-0.00007610000,1.68000
-0.00007599999,1.64000
-0.00007589999,1.68000
-0.00007579999,1.64000
-0.00007569999,1.68000
-0.00007559999,1.64000
-0.00007550000,1.64000
-0.00007540000,1.68000
-0.00007530000,1.60000
-0.00007520000,1.68000
-0.00007510000,1.64000
-0.00007499999,1.64000
-0.00007489999,1.68000
-0.00007479999,1.60000
-0.00007469999,1.64000
-0.00007459999,1.68000
-0.00007450000,1.60000
-0.00007440000,1.64000
-0.00007430000,1.64000
-0.00007420000,1.64000
-0.00007409999,1.68000
-0.00007400001,1.64000
-0.00007390000,1.64000
-0.00007380000,1.64000
-0.00007370000,1.64000
-0.00007360000,1.64000
-0.00007350001,1.68000
-0.00007340001,1.68000
-0.00007330001,1.68000
-0.00007320001,1.64000
-0.00007310001,1.60000
-0.00007300000,1.64000
-0.00007290000,1.64000
-0.00007280000,1.64000
-0.00007270000,1.72000
-0.00007260000,1.64000
-0.00007250001,1.60000
-0.00007240001,1.64000
-0.00007230001,1.64000
-0.00007220001,1.64000
-0.00007210001,1.64000
-0.00007200000,1.64000
-0.00007190000,1.68000
-0.00007180000,1.64000
-0.00007170000,1.64000
-0.00007160000,1.64000
-0.00007150001,1.64000
-0.00007140001,1.64000
-0.00007130001,1.64000
-0.00007120001,1.64000
-0.00007110000,1.64000
-0.00007100000,1.60000
-0.00007090000,1.68000
-0.00007080000,1.64000
-0.00007070000,1.68000
-0.00007060000,1.64000
-0.00007050001,1.68000
-0.00007040001,1.64000
-0.00007030001,1.72000
-0.00007020001,1.64000
-0.00007010000,1.72000
-0.00007000000,1.64000
-0.00006990000,1.64000
-0.00006980000,1.64000
-0.00006970000,1.64000
-0.00006960000,1.64000
-0.00006950001,1.68000
-0.00006940001,1.60000
-0.00006930001,1.68000
-0.00006920000,1.64000
-0.00006910000,1.68000
-0.00006900000,1.64000
-0.00006890000,1.64000
-0.00006880000,1.64000
-0.00006870000,1.64000
-0.00006860000,1.64000
-0.00006850001,1.68000
-0.00006840001,1.68000
-0.00006830001,1.68000
-0.00006820000,1.72000
-0.00006810000,1.68000
-0.00006800000,1.64000
-0.00006790000,1.64000
-0.00006780000,1.64000
-0.00006770000,1.64000
-0.00006760000,1.64000
-0.00006750001,1.64000
-0.00006740001,1.64000
-0.00006730001,1.68000
-0.00006720000,1.64000
-0.00006710000,1.64000
-0.00006700000,1.64000
-0.00006690000,1.68000
-0.00006680000,1.64000
-0.00006670000,1.68000
-0.00006660000,1.64000
-0.00006650001,1.64000
-0.00006640001,1.60000
-0.00006630000,1.68000
-0.00006620000,1.68000
-0.00006610000,1.60000
-0.00006600000,1.64000
-0.00006590000,1.64000
-0.00006580000,1.60000
-0.00006570000,1.64000
-0.00006560000,1.64000
-0.00006550001,1.64000
-0.00006540001,1.68000
-0.00006530000,1.64000
-0.00006520000,1.64000
-0.00006510000,1.64000
-0.00006500000,1.64000
-0.00006490000,1.68000
-0.00006480000,1.64000
-0.00006470000,1.72000
-0.00006460000,1.64000
-0.00006450001,1.68000
-0.00006440000,1.64000
-0.00006430000,1.64000
-0.00006420000,1.64000
-0.00006410000,1.64000
-0.00006400000,1.68000
-0.00006390000,1.64000
-0.00006380000,1.64000
-0.00006370000,1.60000
-0.00006359999,1.64000
-0.00006350001,1.64000
-0.00006340000,1.68000
-0.00006330000,1.68000
-0.00006320000,1.64000
-0.00006310000,1.64000
-0.00006300000,1.64000
-0.00006290000,1.64000
-0.00006280000,1.64000
-0.00006270000,1.64000
-0.00006259999,1.64000
-0.00006250000,1.64000
-0.00006240000,1.64000
-0.00006230000,1.68000
-0.00006220000,1.64000
-0.00006210000,1.64000
-0.00006200000,1.64000
-0.00006190000,1.68000
-0.00006180000,1.64000
-0.00006170000,1.60000
-0.00006159999,1.64000
-0.00006150000,1.64000
-0.00006140000,1.64000
-0.00006130000,1.64000
-0.00006120000,1.64000
-0.00006110000,1.64000
-0.00006100000,1.60000
-0.00006090000,1.64000
-0.00006080000,1.64000
-0.00006070000,1.64000
-0.00006060000,1.68000
-0.00006050000,1.64000
-0.00006040000,1.64000
-0.00006030000,1.64000
-0.00006020000,1.64000
-0.00006010000,1.64000
-0.00006000000,1.64000
-0.00005990000,1.64000
-0.00005980000,1.64000
-0.00005970000,1.68000
-0.00005960000,1.64000
-0.00005950000,1.68000
-0.00005940000,1.60000
-0.00005929999,1.60000
-0.00005920000,1.60000
-0.00005910000,1.68000
-0.00005900000,1.64000
-0.00005890000,1.64000
-0.00005879999,1.64000
-0.00005870000,1.64000
-0.00005860000,1.68000
-0.00005850000,1.64000
-0.00005840000,1.64000
-0.00005829999,1.60000
-0.00005820000,1.60000
-0.00005810000,1.64000
-0.00005800000,1.68000
-0.00005790000,1.64000
-0.00005780000,1.64000
-0.00005770000,1.64000
-0.00005760000,1.64000
-0.00005750000,1.68000
-0.00005740000,1.64000
-0.00005730000,1.64000
-0.00005720000,1.64000
-0.00005710000,1.68000
-0.00005700000,1.72000
-0.00005690000,1.64000
-0.00005680000,1.64000
-0.00005670000,1.68000
-0.00005660000,1.64000
-0.00005650000,1.68000
-0.00005640000,1.60000
-0.00005630000,1.68000
-0.00005620000,1.64000
-0.00005610000,1.64000
-0.00005600000,1.64000
-0.00005590000,1.68000
-0.00005580000,1.64000
-0.00005570000,1.60000
-0.00005560000,1.60000
-0.00005550000,1.64000
-0.00005540000,1.64000
-0.00005530000,1.68000
-0.00005520000,1.64000
-0.00005510000,1.64000
-0.00005500000,1.64000
-0.00005490000,1.68000
-0.00005480000,1.64000
-0.00005470000,1.60000
-0.00005460000,1.64000
-0.00005450000,1.64000
-0.00005440000,1.64000
-0.00005430000,1.64000
-0.00005420000,1.64000
-0.00005410000,1.64000
-0.00005400000,1.68000
-0.00005390000,1.64000
-0.00005380000,1.64000
-0.00005370000,1.64000
-0.00005360000,1.64000
-0.00005350000,1.60000
-0.00005340000,1.64000
-0.00005330000,1.68000
-0.00005320000,1.68000
-0.00005310000,1.64000
-0.00005300000,1.68000
-0.00005290000,1.64000
-0.00005280000,1.64000
-0.00005270000,1.68000
-0.00005260000,1.64000
-0.00005250000,1.68000
-0.00005240000,1.64000
-0.00005230000,1.64000
-0.00005220000,1.68000
-0.00005210000,1.72000
-0.00005200000,1.64000
-0.00005190000,1.68000
-0.00005180000,1.64000
-0.00005170000,1.64000
-0.00005160000,1.64000
-0.00005150000,1.64000
-0.00005140000,1.68000
-0.00005130000,1.64000
-0.00005120000,1.64000
-0.00005110000,1.60000
-0.00005100000,1.60000
-0.00005090000,1.60000
-0.00005080000,1.64000
-0.00005070000,1.68000
-0.00005060000,1.64000
-0.00005050000,1.64000
-0.00005040000,1.64000
-0.00005030000,1.64000
-0.00005020000,1.68000
-0.00005010000,1.64000
-0.00005000000,1.64000
-0.00004990000,1.64000
-0.00004980000,1.64000
-0.00004970000,1.68000
-0.00004960000,1.64000
-0.00004950000,1.64000
-0.00004940000,1.64000
-0.00004930000,1.64000
-0.00004920000,1.64000
-0.00004910000,1.60000
-0.00004900000,1.64000
-0.00004890000,1.68000
-0.00004880000,1.60000
-0.00004870000,1.60000
-0.00004860000,1.64000
-0.00004850000,1.64000
-0.00004840000,1.64000
-0.00004830000,1.64000
-0.00004820000,1.64000
-0.00004810000,1.64000
-0.00004800000,1.64000
-0.00004790000,1.68000
-0.00004780000,1.64000
-0.00004770000,1.64000
-0.00004760000,1.64000
-0.00004750000,1.64000
-0.00004740000,1.60000
-0.00004730000,1.68000
-0.00004720000,1.64000
-0.00004710000,1.64000
-0.00004700000,1.64000
-0.00004690000,1.64000
-0.00004680000,1.68000
-0.00004670000,1.68000
-0.00004660000,1.64000
-0.00004650000,1.68000
-0.00004640000,1.64000
-0.00004630000,1.60000
-0.00004620000,1.68000
-0.00004610000,1.68000
-0.00004600000,1.64000
-0.00004590000,1.68000
-0.00004580000,1.64000
-0.00004570000,1.68000
-0.00004560000,1.64000
-0.00004550000,1.64000
-0.00004540000,1.64000
-0.00004530000,1.64000
-0.00004520000,1.64000
-0.00004510000,1.68000
-0.00004500000,1.64000
-0.00004490000,1.68000
-0.00004480000,1.64000
-0.00004470000,1.60000
-0.00004460000,1.60000
-0.00004450000,1.68000
-0.00004440000,1.64000
-0.00004430000,1.64000
-0.00004420000,1.60000
-0.00004410000,1.72000
-0.00004400000,1.64000
-0.00004390000,1.64000
-0.00004380000,1.64000
-0.00004370000,1.64000
-0.00004360000,1.64000
-0.00004350000,1.64000
-0.00004340000,1.60000
-0.00004330000,1.64000
-0.00004320000,1.64000
-0.00004310000,1.64000
-0.00004300000,1.64000
-0.00004290000,1.64000
-0.00004280000,1.64000
-0.00004270000,1.64000
-0.00004260000,1.64000
-0.00004250000,1.64000
-0.00004240000,1.64000
-0.00004230000,1.64000
-0.00004220000,1.68000
-0.00004210000,1.64000
-0.00004200000,1.64000
-0.00004190000,1.64000
-0.00004180000,1.60000
-0.00004170000,1.64000
-0.00004160000,1.64000
-0.00004150000,1.64000
-0.00004140000,1.64000
-0.00004130000,1.64000
-0.00004120000,1.64000
-0.00004110000,1.68000
-0.00004100000,1.64000
-0.00004090000,1.68000
-0.00004080000,1.64000
-0.00004070000,1.64000
-0.00004060000,1.68000
-0.00004050000,1.64000
-0.00004040000,1.60000
-0.00004030000,1.64000
-0.00004020000,1.68000
-0.00004010000,1.64000
-0.00004000000,1.60000
-0.00003990000,1.68000
-0.00003980000,1.64000
-0.00003970000,1.64000
-0.00003960000,1.64000
-0.00003950000,1.64000
-0.00003940000,1.60000
-0.00003930000,1.68000
-0.00003920000,1.64000
-0.00003910000,1.64000
-0.00003900000,1.64000
-0.00003890000,1.64000
-0.00003880000,1.64000
-0.00003870000,1.64000
-0.00003860000,1.68000
-0.00003850000,1.60000
-0.00003840000,1.60000
-0.00003830000,1.68000
-0.00003820000,1.64000
-0.00003810000,1.64000
-0.00003800000,1.64000
-0.00003790000,1.64000
-0.00003780000,1.64000
-0.00003770000,1.68000
-0.00003760000,1.68000
-0.00003750000,1.64000
-0.00003740000,1.64000
-0.00003730000,1.64000
-0.00003720000,1.64000
-0.00003710000,1.64000
-0.00003700000,1.64000
-0.00003690000,1.64000
-0.00003680000,1.64000
-0.00003670000,1.68000
-0.00003660000,1.68000
-0.00003650000,1.60000
-0.00003640000,1.64000
-0.00003630000,1.68000
-0.00003620000,1.60000
-0.00003610000,1.64000
-0.00003600000,1.64000
-0.00003590000,1.60000
-0.00003580000,1.68000
-0.00003570000,1.72000
-0.00003560000,1.64000
-0.00003550000,1.60000
-0.00003540000,1.64000
-0.00003530000,1.60000
-0.00003520000,1.64000
-0.00003510000,1.64000
-0.00003500000,1.64000
-0.00003490000,1.68000
-0.00003480000,1.68000
-0.00003470000,1.64000
-0.00003460000,1.64000
-0.00003450000,1.68000
-0.00003440000,1.64000
-0.00003430000,1.64000
-0.00003420000,1.64000
-0.00003410000,1.68000
-0.00003400000,1.64000
-0.00003390000,1.68000
-0.00003380000,1.64000
-0.00003370000,1.68000
-0.00003360000,1.60000
-0.00003350000,1.68000
-0.00003340000,1.64000
-0.00003330000,1.64000
-0.00003320000,1.64000
-0.00003310000,1.60000
-0.00003300000,1.64000
-0.00003290000,1.64000
-0.00003280000,1.64000
-0.00003270000,1.64000
-0.00003260000,1.68000
-0.00003250000,1.68000
-0.00003240000,1.64000
-0.00003230000,1.64000
-0.00003220000,1.64000
-0.00003210000,1.64000
-0.00003200000,1.64000
-0.00003190000,1.64000
-0.00003180000,1.64000
-0.00003170000,1.64000
-0.00003160000,1.64000
-0.00003150000,1.68000
-0.00003140000,1.64000
-0.00003130000,1.64000
-0.00003120000,1.68000
-0.00003110000,1.64000
-0.00003100000,1.64000
-0.00003090000,1.60000
-0.00003080000,1.64000
-0.00003070000,1.64000
-0.00003060000,1.64000
-0.00003050000,1.64000
-0.00003040000,1.64000
-0.00003030000,1.60000
-0.00003020000,1.64000
-0.00003010000,1.64000
-0.00003000000,1.64000
-0.00002990000,1.64000
-0.00002980000,1.68000
-0.00002970000,1.68000
-0.00002960000,1.64000
-0.00002950000,1.68000
-0.00002940000,1.64000
-0.00002930000,1.64000
-0.00002920000,1.68000
-0.00002910000,1.68000
-0.00002900000,1.60000
-0.00002890000,1.68000
-0.00002880000,1.64000
-0.00002870000,1.64000
-0.00002860000,1.64000
-0.00002850000,1.64000
-0.00002840000,1.64000
-0.00002830000,1.68000
-0.00002820000,1.68000
-0.00002810000,1.64000
-0.00002800000,1.64000
-0.00002790000,1.68000
-0.00002780000,1.64000
-0.00002770000,1.64000
-0.00002760000,1.68000
-0.00002750000,1.64000
-0.00002740000,1.68000
-0.00002730000,1.64000
-0.00002720000,1.64000
-0.00002710000,1.60000
-0.00002700000,1.68000
-0.00002690000,1.68000
-0.00002680000,1.60000
-0.00002670000,1.64000
-0.00002660000,1.64000
-0.00002650000,1.64000
-0.00002640000,1.64000
-0.00002630000,1.64000
-0.00002620000,1.64000
-0.00002610000,1.68000
-0.00002600000,1.64000
-0.00002590000,1.64000
-0.00002580000,1.64000
-0.00002570000,1.64000
-0.00002560000,1.64000
-0.00002550000,1.64000
-0.00002540000,1.68000
-0.00002530000,1.64000
-0.00002520000,1.60000
-0.00002510000,1.64000
-0.00002500000,1.64000
-0.00002490000,1.68000
-0.00002480000,1.64000
-0.00002470000,1.76000
-0.00002460000,1.68000
-0.00002450000,1.64000
-0.00002440000,1.60000
-0.00002430000,1.64000
-0.00002420000,1.64000
-0.00002410000,1.68000
-0.00002400000,1.64000
-0.00002390000,1.60000
-0.00002380000,1.64000
-0.00002370000,1.68000
-0.00002360000,1.64000
-0.00002350000,1.64000
-0.00002340000,1.68000
-0.00002330000,1.68000
-0.00002320000,1.64000
-0.00002310000,1.64000
-0.00002300000,1.64000
-0.00002290000,1.68000
-0.00002280000,1.64000
-0.00002270000,1.68000
-0.00002260000,1.64000
-0.00002250000,1.60000
-0.00002240000,1.64000
-0.00002230000,1.68000
-0.00002220000,1.64000
-0.00002210000,1.64000
-0.00002200000,1.64000
-0.00002190000,1.72000
-0.00002180000,1.64000
-0.00002170000,1.64000
-0.00002160000,1.60000
-0.00002150000,1.64000
-0.00002140000,1.68000
-0.00002130000,1.64000
-0.00002120000,1.64000
-0.00002110000,1.64000
-0.00002100000,1.68000
-0.00002090000,1.64000
-0.00002080000,1.64000
-0.00002070000,1.64000
-0.00002060000,1.64000
-0.00002050000,1.68000
-0.00002040000,1.64000
-0.00002030000,1.64000
-0.00002020000,1.64000
-0.00002010000,1.68000
-0.00002000000,1.64000
-0.00001990000,1.64000
-0.00001980000,1.64000
-0.00001970000,1.64000
-0.00001960000,1.64000
-0.00001950000,1.64000
-0.00001940000,1.60000
-0.00001930000,1.68000
-0.00001920000,1.64000
-0.00001910000,1.68000
-0.00001900000,1.68000
-0.00001890000,1.64000
-0.00001880000,1.68000
-0.00001870000,1.64000
-0.00001860000,1.64000
-0.00001850000,1.60000
-0.00001840000,1.64000
-0.00001830000,1.64000
-0.00001820000,1.64000
-0.00001810000,1.68000
-0.00001800000,1.64000
-0.00001790000,1.60000
-0.00001780000,1.64000
-0.00001770000,1.64000
-0.00001760000,1.64000
-0.00001750000,1.64000
-0.00001740000,1.64000
-0.00001730000,1.64000
-0.00001720000,1.64000
-0.00001710000,1.64000
-0.00001700000,1.64000
-0.00001690000,1.64000
-0.00001680000,1.64000
-0.00001670000,1.64000
-0.00001660000,1.64000
-0.00001650000,1.64000
-0.00001640000,1.64000
-0.00001630000,1.64000
-0.00001620000,1.64000
-0.00001610000,1.68000
-0.00001600000,1.60000
-0.00001590000,1.64000
-0.00001580000,1.68000
-0.00001570000,1.68000
-0.00001560000,1.60000
-0.00001550000,1.64000
-0.00001540000,1.64000
-0.00001530000,1.64000
-0.00001520000,1.64000
-0.00001510000,1.68000
-0.00001500000,1.68000
-0.00001490000,1.64000
-0.00001480000,1.64000
-0.00001470000,1.64000
-0.00001460000,1.64000
-0.00001450000,1.68000
-0.00001440000,1.64000
-0.00001430000,1.64000
-0.00001420000,1.64000
-0.00001410000,1.64000
-0.00001400000,1.60000
-0.00001390000,1.60000
-0.00001380000,1.68000
-0.00001370000,1.72000
-0.00001360000,1.64000
-0.00001350000,1.68000
-0.00001340000,1.64000
-0.00001330000,1.68000
-0.00001320000,1.64000
-0.00001310000,1.68000
-0.00001300000,1.64000
-0.00001290000,1.64000
-0.00001280000,1.60000
-0.00001270000,1.68000
-0.00001260000,1.64000
-0.00001250000,1.64000
-0.00001240000,1.68000
-0.00001230000,1.64000
-0.00001220000,1.64000
-0.00001210000,1.68000
-0.00001200000,1.64000
-0.00001190000,1.64000
-0.00001180000,1.64000
-0.00001170000,1.64000
-0.00001160000,1.64000
-0.00001150000,1.60000
-0.00001140000,1.68000
-0.00001130000,1.68000
-0.00001120000,1.60000
-0.00001110000,1.64000
-0.00001100000,1.64000
-0.00001090000,1.68000
-0.00001080000,1.64000
-0.00001070000,1.64000
-0.00001060000,1.60000
-0.00001050000,1.64000
-0.00001040000,1.60000
-0.00001030000,1.64000
-0.00001020000,1.64000
-0.00001010000,1.64000
-0.00001000000,1.64000
-0.00000990000,1.60000
-0.00000980000,1.64000
-0.00000970000,1.64000
-0.00000960000,1.64000
-0.00000950000,1.68000
-0.00000940000,1.68000
-0.00000930000,1.68000
-0.00000920000,1.64000
-0.00000910000,1.68000
-0.00000900000,1.64000
-0.00000890000,1.64000
-0.00000880000,1.60000
-0.00000870000,1.64000
-0.00000860000,1.64000
-0.00000850000,1.68000
-0.00000840000,1.64000
-0.00000830000,1.68000
-0.00000820000,1.64000
-0.00000810000,0.60000
-0.00000800000,0.04000
-0.00000790000,0.00
-0.00000780000,0.00
-0.00000770000,0.00
-0.00000760000,0.00
-0.00000750000,0.00
-0.00000740000,0.00
-0.00000730000,0.00
-0.00000720000,1.00000
-0.00000710000,1.16000
-0.00000700000,1.12000
-0.00000690000,1.12000
-0.00000680000,0.40000
-0.00000670000,0.00
-0.00000660000,0.00
-0.00000650000,0.04000
-0.00000640000,0.52000
-0.00000630000,1.12000
-0.00000620000,1.12000
-0.00000610000,1.12000
-0.00000600000,1.16000
-0.00000590000,1.12000
-0.00000580000,1.12000
-0.00000570000,1.12000
-0.00000560000,1.04000
-0.00000550000,0.12000
-0.00000540000,0.00
-0.00000530000,0.00
-0.00000520000,0.00
-0.00000510000,0.96000
-0.00000500000,1.12000
-0.00000490000,1.16000
-0.00000480000,1.12000
-0.00000470000,0.52000
-0.00000460000,0.00
-0.00000450000,0.00
-0.00000440000,0.00
-0.00000430000,0.00
-0.00000420000,0.00
-0.00000410000,0.04000
-0.00000400000,0.00
-0.00000390000,0.16000
-0.00000380000,1.12000
-0.00000370000,1.16000
-0.00000360000,1.16000
-0.00000350000,1.12000
-0.00000340000,0.20000
-0.00000330000,0.00
-0.00000320000,0.04000
-0.00000310000,0.00
-0.00000300000,0.88000
-0.00000290000,1.12000
-0.00000280000,1.16000
-0.00000270000,1.20000
-0.00000260000,1.12000
-0.00000250000,1.12000
-0.00000240000,1.12000
-0.00000230000,1.12000
-0.00000220000,0.88000
-0.00000210000,0.04000
-0.00000200000,0.00
-0.00000190000,0.04000
-0.00000180000,0.00
-0.00000170000,1.08000
-0.00000160000,1.16000
-0.00000150000,1.16000
-0.00000140000,1.12000
-0.00000130000,0.28000
-0.00000120000,0.00
-0.00000110000,0.00
-0.00000100000,0.00
-0.00000090000,0.04000
-0.00000080000,0.00
-0.00000070000,0.00
-0.00000060000,0.00
-0.00000050000,0.40000
-0.00000040000,1.16000
-0.00000030000,1.20000
-0.00000020000,1.12000
-0.00000010000,1.00000
 0.00000000000,0.08000
 0.00000010000,0.04000
 0.00000020000,0.04000
 0.00000030000,0.00
 0.00000040000,1.00000
 0.00000050000,1.16000
 0.00000060000,1.16000
 0.00000070000,1.12000
 0.00000080000,1.12000
 0.00000090000,1.16000
 0.00000100000,1.16000
 0.00000110000,1.16000
 0.00000120000,0.68000
 0.00000130000,0.04000
 0.00000140000,0.00
 0.00000150000,0.00
 0.00000160000,0.20000
 0.00000170000,1.16000
 0.00000180000,1.16000
 0.00000190000,1.16000
 0.00000200000,1.08000
 0.00000210000,0.16000
 0.00000220000,0.04000
 0.00000230000,0.00
 0.00000240000,0.00
 0.00000250000,0.00
 0.00000260000,0.00
 0.00000270000,0.08000
 0.00000280000,0.00
 0.00000290000,0.68000
 0.00000300000,1.16000
 0.00000310000,1.20000
 0.00000320000,1.12000
 0.00000330000,0.80000
 0.00000340000,0.04000
 0.00000350000,0.08000
 0.00000360000,0.00
 0.00000370000,0.16000
 0.00000380000,1.16000
 0.00000390000,1.16000
 0.00000400000,1.12000
 0.00000410000,1.16000
 0.00000420000,1.16000
 0.00000430000,1.12000
 0.00000440000,1.12000
 0.00000450000,1.16000
 0.00000460000,0.36000
 0.00000470000,0.00
 0.00000480000,0.00
 0.00000490000,0.04000
 0.00000500000,0.48000
 0.00000510000,1.12000
 0.00000520000,1.16000
 0.00000530000,1.16000
 0.00000540000,0.92000
 0.00000550000,0.00
 0.00000560000,0.04000
 0.00000570000,0.00
 0.00000580000,0.04000
 0.00000590000,0.00
 0.00000600000,0.04000
 0.00000610000,0.04000
 0.00000620000,0.04000
 0.00000630000,0.92000
 0.00000640000,1.16000
 0.00000650000,1.16000
 0.00000660000,1.16000
 0.00000670000,0.56000
 0.00000680000,0.04000
 0.00000690000,0.00
 0.00000700000,0.00
 0.00000710000,0.32000
 0.00000720000,1.12000
 0.00000730000,1.16000
 0.00000740000,1.16000
 0.00000750000,1.16000
 0.00000760000,1.16000
 0.00000770000,1.20000
 0.00000780000,1.16000
 0.00000790000,1.12000
 0.00000800000,0.16000
 0.00000810000,0.00
 0.00000820000,0.00
 0.00000830000,0.00
 0.00000840000,0.80000
 0.00000850000,1.16000
 0.00000860000,1.16000
 0.00000870000,1.12000
 0.00000880000,0.68000
 0.00000890000,0.04000
 0.00000900000,0.04000
 0.00000910000,0.04000
 0.00000920000,0.00
 0.00000930000,0.04000
 0.00000940000,0.00
 0.00000950000,0.04000
 0.00000960000,0.00
 0.00000970000,1.12000
 0.00000980000,1.16000
 0.00000990000,1.16000
 0.00001000000,1.12000
 0.00001010000,0.32000
 0.00001020000,0.00
 0.00001030000,0.04000
 0.00001040000,0.00
 0.00001050000,0.64000
 0.00001060000,1.16000
 0.00001070000,1.16000
 0.00001080000,1.16000
 0.00001090000,1.16000
 0.00001100000,1.12000
 0.00001110000,1.12000
 0.00001120000,1.12000
 0.00001130000,1.00000
 0.00001140000,0.08000
 0.00001150000,0.04000
 0.00001160000,0.04000
 0.00001170000,0.04000
 0.00001180000,1.00000
 0.00001190000,1.16000
 0.00001200000,1.16000
 0.00001210000,1.16000
 0.00001220000,0.44000
 0.00001230000,0.04000
 0.00001240000,0.00
 0.00001250000,0.00
 0.00001260000,0.00
 0.00001270000,0.08000
 0.00001280000,0.04000
 0.00001290000,0.04000
 0.00001300000,0.16000
 0.00001310000,1.16000
 0.00001320000,1.16000
 0.00001330000,1.16000
 0.00001340000,1.12000
 0.00001350000,0.12000
 0.00001360000,0.04000
 0.00001370000,0.00
 0.00001380000,0.00
 0.00001390000,0.88000
 0.00001400000,1.20000
 0.00001410000,1.12000
 0.00001420000,1.16000
 0.00001430000,1.16000
 0.00001440000,1.16000
 0.00001450000,1.12000
 0.00001460000,1.12000
 0.00001470000,0.80000
 0.00001480000,0.04000
 0.00001490000,0.04000
 0.00001500000,0.00
 0.00001510000,0.08000
 0.00001520000,1.16000
 0.00001530000,1.16000
 0.00001540000,1.16000
 0.00001550000,1.16000
 0.00001560000,0.20000
 0.00001570000,0.00
 0.00001580000,0.04000
 0.00001590000,0.04000
 0.00001600000,0.00
 0.00001610000,0.04000
 0.00001620000,0.04000
 0.00001630000,0.04000
 0.00001640000,0.48000
 0.00001650000,1.12000
 0.00001660000,1.16000
 0.00001670000,1.16000
 0.00001680000,0.96000
 0.00001690000,0.08000
 0.00001700000,0.04000
 0.00001710000,0.00
 0.00001720000,0.00
 0.00001730000,1.08000
 0.00001740000,1.16000
 0.00001750000,1.16000
 0.00001760000,1.12000
 0.00001770000,1.12000
 0.00001780000,1.12000
 0.00001790000,1.12000
 0.00001800000,1.12000
 0.00001810000,0.56000
 0.00001820000,0.00
 0.00001830000,0.00
 0.00001840000,0.00
 0.00001850000,0.32000
 0.00001860000,1.12000
 0.00001870000,1.16000
 0.00001880000,1.16000
 0.00001890000,1.04000
 0.00001900000,0.08000
 0.00001910000,0.04000
 0.00001920000,0.00
 0.00001930000,0.04000
 0.00001940000,0.00
 0.00001950000,0.04000
 0.00001960000,0.00
 0.00001970000,0.04000
 0.00001980000,0.68000
 0.00001990000,1.20000
 0.00002000000,1.16000
 0.00002010000,1.16000
 0.00002020000,0.76000
 0.00002030000,0.04000
 0.00002040000,0.00
 0.00002050000,0.04000
 0.00002060000,0.16000
 0.00002070000,1.16000
 0.00002080000,1.16000
 0.00002090000,1.20000
 0.00002100000,1.20000
 0.00002110000,1.12000
 0.00002120000,1.12000
 0.00002130000,1.16000
 0.00002140000,1.16000
 0.00002150000,0.32000
 0.00002160000,0.00
 0.00002170000,0.00
 0.00002180000,0.00
 0.00002190000,0.60000
 0.00002200000,1.16000
 0.00002210000,1.12000
 0.00002220000,1.16000
 0.00002230000,0.84000
 0.00002240000,0.04000
 0.00002250000,0.04000
 0.00002260000,0.00
 0.00002270000,0.04000
 0.00002280000,0.00
 0.00002290000,0.08000
 0.00002300000,0.04000
 0.00002310000,0.04000
 0.00002320000,1.00000
 0.00002330000,1.12000
 0.00002340000,1.16000
 0.00002350000,1.16000
 0.00002360000,0.48000
 0.00002370000,0.04000
 0.00002380000,0.04000
 0.00002390000,0.04000
 0.00002400000,0.44000
 0.00002410000,1.16000
 0.00002420000,1.12000
 0.00002430000,1.16000
 0.00002440000,1.16000
 0.00002450000,1.16000
 0.00002460000,1.16000
 0.00002470000,1.16000
 0.00002480000,1.12000
 0.00002490000,0.16000
 0.00002500000,0.00
 0.00002510000,0.08000
 0.00002520000,-0.04000
 0.00002530000,0.88000
 0.00002540000,1.16000
 0.00002550000,1.12000
 0.00002560000,1.12000
 0.00002570000,0.56000
 0.00002580000,0.04000
 0.00002590000,0.00
 0.00002600000,0.00
 0.00002610000,0.00
 0.00002620000,0.00
 0.00002630000,0.04000
 0.00002640000,0.04000
 0.00002650000,0.00
 0.00002660000,1.12000
 0.00002670000,1.16000
 0.00002680000,1.12000
 0.00002690000,1.16000
 0.00002700000,0.24000
 0.00002710000,0.04000
 0.00002720000,0.00
 0.00002730000,0.04000
 0.00002740000,0.72000
 0.00002750000,1.16000
 0.00002760000,1.16000
 0.00002770000,1.16000
 0.00002780000,1.16000
 0.00002790000,1.12000
 0.00002800000,1.12000
 0.00002810000,1.16000
 0.00002820000,1.00000
 0.00002830000,0.12000
 0.00002840000,0.00
 0.00002850000,0.04000
 0.00002860000,0.00
 0.00002870000,1.04000
 0.00002880000,1.12000
 0.00002890000,1.16000
 0.00002900000,1.12000
 0.00002910000,0.36000
 0.00002920000,0.00
 0.00002930000,0.00
 0.00002940000,0.00
 0.00002950000,0.00
 0.00002960000,0.04000
 0.00002970000,0.04000
 0.00002980000,0.04000
 0.00002990000,0.24000
 0.00003000000,1.16000
 0.00003010000,1.16000
 0.00003020000,1.20000
 0.00003030000,1.04000
 0.00003040000,0.12000
 0.00003050000,0.00
 0.00003060000,0.00
 0.00003070000,0.04000
 0.00003080000,0.96000
 0.00003090000,1.16000
 0.00003100000,1.16000
 0.00003110000,1.16000
 0.00003120000,1.16000
 0.00003130000,1.12000
 0.00003140000,1.16000
 0.00003150000,1.16000
 0.00003160000,0.72000
 0.00003170000,0.04000
 0.00003180000,0.00
 0.00003190000,0.00
 0.00003200000,0.12000
 0.00003210000,1.12000
 0.00003220000,1.12000
 0.00003230000,1.16000
 0.00003240000,1.16000
 0.00003250000,0.20000
 0.00003260000,0.04000
 0.00003270000,0.04000
 0.00003280000,0.00
 0.00003290000,0.04000
 0.00003300000,0.00
 0.00003310000,0.04000
 0.00003320000,0.04000
 0.00003330000,0.52000
 0.00003340000,1.16000
 0.00003350000,1.16000
 0.00003360000,1.16000
 0.00003370000,0.88000
 0.00003380000,0.12000
 0.00003390000,0.04000
 0.00003400000,0.04000
 0.00003410000,0.00
 0.00003420000,1.08000
 0.00003430000,1.12000
 0.00003440000,1.16000
 0.00003450000,1.12000
 0.00003460000,1.12000
 0.00003470000,1.12000
 0.00003480000,1.16000
 0.00003490000,1.12000
 0.00003500000,0.56000
 0.00003510000,0.04000
 0.00003520000,0.00
 0.00003530000,0.00
 0.00003540000,0.40000
 0.00003550000,1.20000
 0.00003560000,1.16000
 0.00003570000,1.16000
 0.00003580000,1.04000
 0.00003590000,0.08000
 0.00003600000,0.00
 0.00003610000,0.00
 0.00003620000,0.00
 0.00003630000,0.04000
 0.00003640000,0.00
 0.00003650000,0.00
 0.00003660000,0.04000
 0.00003670000,0.80000
 0.00003680000,1.12000
 0.00003690000,1.12000
 0.00003700000,1.16000
 0.00003710000,0.64000
 0.00003720000,0.04000
 0.00003730000,0.00
 0.00003740000,0.00
 0.00003750000,0.24000
 0.00003760000,1.12000
 0.00003770000,1.16000
 0.00003780000,1.16000
 0.00003790000,1.12000
 0.00003800000,1.16000
 0.00003810000,1.16000
 0.00003820000,1.16000
 0.00003830000,1.16000
 0.00003840000,0.32000
 0.00003850000,0.04000
 0.00003860000,0.00
 0.00003870000,0.00
 0.00003880000,0.64000
 0.00003890000,1.16000
 0.00003900000,1.12000
 0.00003910000,1.12000
 0.00003920000,0.80000
 0.00003930000,0.04000
 0.00003940000,0.00
 0.00003950000,0.00
 0.00003960000,0.00
 0.00003970000,0.04000
 0.00003980000,0.00
 0.00003990000,0.04000
 0.00004000000,0.00
 0.00004010000,1.04000
 0.00004020000,1.16000
 0.00004030000,1.20000
 0.00004040000,1.16000
 0.00004050000,0.40000
 0.00004060000,0.00
 0.00004070000,0.00
 0.00004080000,0.04000
 0.00004090000,0.56000
 0.00004100000,1.16000
 0.00004110000,1.20000
 0.00004120000,1.12000
 0.00004130000,1.16000
 0.00004140000,1.16000
 0.00004150000,1.12000
 0.00004160000,1.16000
 0.00004170000,1.12000
 0.00004180000,0.12000
 0.00004190000,0.00
 0.00004200000,0.00
 0.00004210000,0.04000
 0.00004220000,0.96000
 0.00004230000,1.16000
 0.00004240000,1.20000
 0.00004250000,1.16000
 0.00004260000,0.56000
 0.00004270000,0.08000
 0.00004280000,0.00
 0.00004290000,0.04000
 0.00004300000,0.00
 0.00004310000,0.04000
 0.00004320000,0.04000
 0.00004330000,0.04000
 0.00004340000,0.04000
 0.00004350000,1.16000
 0.00004360000,1.16000
 0.00004370000,1.12000
 0.00004380000,1.16000
 0.00004390000,0.20000
 0.00004400000,0.04000
 0.00004410000,0.04000
 0.00004420000,0.00
 0.00004430000,0.80000
 0.00004440000,1.16000
 0.00004450000,1.16000
 0.00004460000,1.16000
 0.00004470000,1.16000
 0.00004480000,1.16000
 0.00004490000,1.12000
 0.00004500000,1.16000
 0.00004510000,0.88000
 0.00004520000,0.08000
 0.00004530000,0.04000
 0.00004540000,0.00
 0.00004550000,0.00
 0.00004560000,1.08000
 0.00004570000,1.12000
 0.00004580000,1.16000
 0.00004590000,1.12000
 0.00004600000,0.32000
 0.00004610000,0.04000
 0.00004620000,-0.04000
 0.00004630000,0.04000
 0.00004640000,0.04000
 0.00004650000,0.04000
 0.00004660000,0.00
 0.00004670000,0.04000
 0.00004680000,0.32000
 0.00004690000,1.20000
 0.00004700000,1.16000
 0.00004710000,1.16000
 0.00004720000,1.16000
 0.00004730000,1.16000
 0.00004740000,1.16000
 0.00004750000,1.12000
 0.00004760000,1.16000
 0.00004770000,0.24000
 0.00004780000,0.00
 0.00004790000,0.04000
 0.00004800000,0.00
 0.00004810000,0.04000
 0.00004820000,0.04000
 0.00004830000,0.04000
 0.00004840000,0.04000
 0.00004850000,0.48000
 0.00004860000,1.16000
 0.00004870000,1.16000
 0.00004880000,1.16000
 0.00004890000,0.92000
 0.00004900000,0.12000
 0.00004910000,0.00
 0.00004920000,0.00
 0.00004930000,0.04000
 0.00004940000,1.08000
 0.00004950000,1.20000
 0.00004960000,1.12000
 0.00004970000,1.16000
 0.00004980000,0.36000
 0.00004990000,0.04000
 0.00005000000,0.00
 0.00005010000,0.00
 0.00005020000,0.64000
 0.00005030000,1.16000
 0.00005040000,1.16000
 0.00005050000,1.16000
 0.00005060000,1.16000
 0.00005070000,1.16000
 0.00005080000,1.16000
 0.00005090000,1.12000
 0.00005100000,1.00000
 0.00005110000,0.08000
 0.00005120000,0.00
 0.00005130000,0.00
 0.00005140000,0.04000
 0.00005150000,0.04000
 0.00005160000,0.04000
 0.00005170000,0.04000
 0.00005180000,0.00
 0.00005190000,0.76000
 0.00005200000,1.16000
 0.00005210000,1.16000
 0.00005220000,1.16000
 0.00005230000,1.16000
 0.00005240000,1.12000
 0.00005250000,1.12000
 0.00005260000,1.12000
 0.00005270000,0.92000
 0.00005280000,0.04000
 0.00005290000,0.00
 0.00005300000,0.04000
 0.00005310000,0.00
 0.00005320000,1.08000
 0.00005330000,1.16000
 0.00005340000,1.16000
 0.00005350000,1.12000
 0.00005360000,0.32000
 0.00005370000,0.08000
 0.00005380000,0.00
 0.00005390000,0.00
 0.00005400000,0.64000
 0.00005410000,1.12000
 0.00005420000,1.16000
 0.00005430000,1.16000
 0.00005440000,0.80000
 0.00005450000,0.04000
 0.00005460000,0.00
 0.00005470000,0.04000
 0.00005480000,0.04000
 0.00005490000,0.04000
 0.00005500000,0.04000
 0.00005510000,0.04000
 0.00005520000,0.04000
 0.00005530000,1.00000
 0.00005540000,1.20000
 0.00005550000,1.16000
 0.00005560000,1.16000
 0.00005570000,1.16000
 0.00005580000,1.16000
 0.00005590000,1.16000
 0.00005600000,1.16000
 0.00005610000,0.72000
 0.00005620000,0.04000
 0.00005630000,0.04000
 0.00005640000,0.00
 0.00005650000,0.04000
 0.00005660000,0.04000
 0.00005670000,0.08000
 0.00005680000,0.04000
 0.00005690000,0.04000
 0.00005700000,1.08000
 0.00005710000,1.16000
 0.00005720000,1.16000
 0.00005730000,1.16000
 0.00005740000,0.36000
 0.00005750000,0.00
 0.00005760000,0.00
 0.00005770000,0.04000
 0.00005780000,0.64000
 0.00005790000,1.16000
 0.00005800000,1.16000
 0.00005810000,1.16000
 0.00005820000,0.84000
 0.00005830000,0.04000
 0.00005840000,0.04000
 0.00005850000,0.04000
 0.00005860000,0.04000
 0.00005870001,1.12000
 0.00005880000,1.16000
 0.00005890000,1.16000
 0.00005900000,1.16000
 0.00005910000,0.24000
 0.00005920000,0.00
 0.00005929999,0.04000
 0.00005940000,0.04000
 0.00005950000,0.72000
 0.00005960000,1.16000
 0.00005970000,1.20000
 0.00005980000,1.16000
 0.00005990000,1.16000
 0.00006000000,1.12000
 0.00006010000,1.12000
 0.00006020000,1.12000
 0.00006030000,0.96000
 0.00006040000,0.12000
 0.00006050000,0.04000
 0.00006060000,0.00
 0.00006070000,0.00
 0.00006080000,0.00
 0.00006090000,0.04000
 0.00006100000,0.04000
 0.00006110000,0.04000
 0.00006120000,0.88000
 0.00006130000,1.16000
 0.00006140000,1.16000
 0.00006149999,1.16000
 0.00006159999,1.16000
 0.00006170000,1.16000
 0.00006180000,1.16000
 0.00006190000,1.16000
 0.00006200000,0.84000
 0.00006210000,0.08000
 0.00006220000,0.00
 0.00006230000,0.00
 0.00006240000,0.00
 0.00006249999,1.08000
 0.00006259999,1.16000
 0.00006270000,1.16000
 0.00006280000,1.16000
 0.00006290000,0.24000
 0.00006300000,0.00
 0.00006310000,0.00
 0.00006320000,0.04000
 0.00006330000,0.72000
 0.00006340000,1.12000
 0.00006349999,1.16000
 0.00006359999,1.16000
 0.00006370000,0.76000
 0.00006380000,0.08000
 0.00006390000,0.04000
 0.00006400000,0.00
 0.00006410000,0.04000
 0.00006420000,0.00
 0.00006430000,0.00
 0.00006440000,0.04000
 0.00006449999,0.04000
 0.00006460000,1.04000
 0.00006470000,1.16000
 0.00006480000,1.16000
 0.00006490000,1.16000
 0.00006500000,1.16000
 0.00006510000,1.16000
 0.00006520000,1.12000
 0.00006530000,1.12000
 0.00006540001,0.64000
 0.00006549999,0.04000
 0.00006560000,0.04000
 0.00006570000,0.04000
 0.00006580000,0.20000
 0.00006590000,1.16000
 0.00006600000,1.16000
 0.00006610000,1.16000
 0.00006620000,1.08000
 0.00006630000,0.12000
 0.00006640001,0.04000
 0.00006650000,0.00
 0.00006660000,0.04000
 0.00006670000,0.00
 0.00006680000,0.00
 0.00006690000,0.04000
 0.00006700000,0.00
 0.00006710000,0.72000
 0.00006720000,1.16000
 0.00006730001,1.16000
 0.00006740001,1.16000
 0.00006750000,1.12000
 0.00006760000,1.16000
 0.00006770000,1.12000
 0.00006780000,1.16000
 0.00006790000,0.96000
 0.00006800000,0.08000
 0.00006810000,0.04000
 0.00006820000,0.00
 0.00006830001,0.00
 0.00006840001,1.08000
 0.00006850000,1.16000
 0.00006860000,1.20000
 0.00006870000,1.16000
 0.00006880000,0.44000
 0.00006890000,0.04000
 0.00006900000,0.04000
 0.00006910000,0.04000
 0.00006920000,0.56000
 0.00006930001,1.16000
 0.00006940001,1.16000
 0.00006950000,1.16000
 0.00006960000,0.96000
 0.00006970000,0.04000
 0.00006980000,0.00
 0.00006990000,0.04000
 0.00007000000,0.04000
 0.00007010000,0.04000
 0.00007020001,0.04000
 0.00007030001,0.04000
 0.00007040001,0.04000
 0.00007050000,0.96000
 0.00007060000,1.12000
 0.00007070000,1.16000
 0.00007080000,1.16000
 0.00007090000,0.52000
 0.00007100000,0.00
 0.00007110000,0.00
 0.00007120001,0.04000
 0.00007130001,0.44000
 0.00007140001,1.16000
 0.00007150000,1.16000
 0.00007160000,1.16000
 0.00007170000,1.00000
 0.00007180000,0.08000
 0.00007190000,0.04000
 0.00007200000,0.00
 0.00007210001,0.04000
 0.00007220001,1.04000
 0.00007230001,1.16000
 0.00007240001,1.12000
 0.00007250000,1.12000
 0.00007260000,1.16000
 0.00007270000,1.12000
 0.00007280000,1.12000
 0.00007290000,1.16000
 0.00007300000,0.68000
 0.00007310001,0.04000
 0.00007320001,0.00
 0.00007330001,0.04000
 0.00007340001,0.00
 0.00007350000,0.00
 0.00007360000,0.00
 0.00007370000,0.08000
 0.00007380000,0.04000
 0.00007390000,1.08000
 0.00007400001,1.16000
 0.00007410001,1.12000
 0.00007420001,1.16000
 0.00007430001,0.32000
 0.00007440001,0.04000
 0.00007450000,0.04000
 0.00007460000,0.00
 0.00007470000,0.68000
 0.00007480000,1.16000
 0.00007490000,1.16000
 0.00007499999,1.12000
 0.00007510000,1.16000
 0.00007520000,1.16000
 0.00007530000,1.16000
 0.00007540000,1.16000
 0.00007549999,0.96000
 0.00007559999,0.04000
 0.00007569999,0.00
 0.00007579999,0.00
 0.00007589999,0.00
 0.00007599999,0.04000
 0.00007610000,0.00
 0.00007620000,0.00
 0.00007630000,0.04000
 0.00007640000,0.76000
 0.00007649999,1.16000
 0.00007659999,1.16000
 0.00007669999,1.16000
 0.00007679999,0.72000
 0.00007689999,0.04000
 0.00007700000,0.04000
 0.00007710000,0.04000
 0.00007720000,0.20000
 0.00007730000,1.12000
 0.00007740000,1.12000
 0.00007749999,1.16000
 0.00007759999,1.16000
 0.00007769999,1.16000
 0.00007779999,1.16000
 0.00007789999,1.12000
 0.00007800000,1.16000
 0.00007810000,0.28000
 0.00007820000,0.04000
 0.00007830000,0.04000
 0.00007840000,0.00
 0.00007849999,0.68000
 0.00007859999,1.16000
 0.00007869999,1.16000
 0.00007879999,1.16000
 0.00007890000,0.80000
 0.00007900000,0.04000
 0.00007910000,0.00
 0.00007920000,0.00
 0.00007930000,0.04000
 0.00007940000,0.00
 0.00007949999,0.04000
 0.00007959999,0.00
 0.00007969999,0.04000
 0.00007979999,1.00000
 0.00007990000,1.16000
 0.00008000000,1.16000
 0.00008010000,1.16000
 0.00008020000,1.12000
 0.00008030000,1.16000
 0.00008040000,1.16000
 0.00008049999,1.16000
 0.00008059999,0.68000
 0.00008069999,0.04000
 0.00008079999,0.00
 0.00008090000,0.00
 0.00008100000,0.20000
 0.00008110000,1.16000
 0.00008120000,1.16000
 0.00008130000,1.16000
 0.00008140000,1.12000
 0.00008149999,0.12000
 0.00008159999,0.00
 0.00008169999,0.04000
 0.00008180000,0.00
 0.00008190000,0.00
 0.00008200000,0.04000
 0.00008210000,0.04000
 0.00008220000,0.00
 0.00008230000,0.64000
 0.00008240000,1.16000
 0.00008249999,1.16000
 0.00008259999,1.12000
 0.00008269999,0.84000
 0.00008280000,0.08000
 0.00008290000,0.00
 0.00008300000,0.00
 0.00008310000,0.16000
 0.00008320000,1.12000
 0.00008330000,1.20000
 0.00008340000,1.16000
 0.00008349999,1.12000
 0.00008359999,0.24000
 0.00008370000,0.00
 0.00008380000,-0.04000
 0.00008390000,0.04000
 0.00008400000,0.80000
 0.00008410000,1.12000
 0.00008420000,1.16000
 0.00008430000,1.16000
 0.00008440000,1.16000
 0.00008449999,1.16000
 0.00008459999,1.16000
 0.00008470000,1.12000
 0.00008480000,0.96000
 0.00008490000,0.08000
 0.00008500000,0.00
 0.00008510000,0.04000
 0.00008520000,0.00
 0.00008530000,0.08000
 0.00008540000,0.04000
 0.00008549999,0.04000
 0.00008560000,0.00
 0.00008570000,0.88000
 0.00008580000,1.16000
 0.00008590000,1.16000
 0.00008600000,1.12000
 0.00008610000,0.60000
 0.00008620000,0.00
 0.00008630000,0.00
 0.00008640000,0.04000
 0.00008649999,0.36000
 0.00008660000,1.16000
 0.00008670000,1.12000
 0.00008680000,1.16000
 0.00008690000,1.16000
 0.00008700000,1.16000
 0.00008710000,1.16000
 0.00008720000,1.16000
 0.00008730000,1.16000
 0.00008740001,0.24000
 0.00008750000,0.04000
 0.00008760000,0.00
 0.00008770000,0.04000
 0.00008780000,0.76000
 0.00008790000,1.16000
 0.00008800000,1.12000
 0.00008810000,1.12000
 0.00008820000,0.72000
 0.00008830000,0.04000
 0.00008840001,0.00
 0.00008850000,0.04000
 0.00008860000,0.20000
 0.00008870000,1.12000
 0.00008880000,1.12000
 0.00008890000,1.16000
 0.00008900000,1.12000
 0.00008910000,0.16000
 0.00008920000,0.00
 0.00008930001,0.00
 0.00008940001,0.00
 0.00008950000,0.08000
 0.00008960000,0.04000
 0.00008970000,0.04000
 0.00008980000,0.00
 0.00008990000,0.56000
 0.00009000000,1.12000
 0.00009010000,1.20000
 0.00009020000,1.16000
 0.00009030001,1.12000
 0.00009040001,1.16000
 0.00009050000,1.16000
 0.00009060000,1.16000
 0.00009070000,1.04000
 0.00009080000,0.08000
 0.00009090000,0.00
 0.00009100000,0.00
 0.00009110000,0.00
 0.00009120001,0.96000
 0.00009130001,1.16000
 0.00009140001,1.16000
 0.00009150000,1.16000
 0.00009160000,0.48000
 0.00009170000,0.04000
 0.00009180000,0.04000
 0.00009190000,0.00
 0.00009200000,0.00
 0.00009210000,0.04000
 0.00009220001,0.00
 0.00009230001,0.00
 0.00009240001,0.16000
 0.00009250000,1.16000
 0.00009260000,1.16000
 0.00009270000,1.16000
 0.00009280000,1.12000
 0.00009290000,0.20000
 0.00009300000,0.00
 0.00009310001,0.04000
 0.00009320001,0.04000
 0.00009330001,0.84000
 0.00009340001,1.16000
 0.00009350000,1.16000
 0.00009360000,1.16000
 0.00009370000,0.60000
 0.00009380000,0.04000
 0.00009390000,0.04000
 0.00009400000,0.04000
 0.00009410001,0.32000
 0.00009420001,1.16000
 0.00009430001,1.16000
 0.00009440001,1.16000
 0.00009450000,1.16000
 0.00009460000,1.16000
 0.00009470000,1.12000
 0.00009480000,1.16000
 0.00009490000,1.16000
 0.00009500000,0.20000
 0.00009510001,0.00
 0.00009520001,0.00
 0.00009530001,0.04000
 0.00009540001,0.04000
 0.00009550000,0.04000
 0.00009560000,0.04000
 0.00009570000,0.04000
 0.00009580000,0.40000
 0.00009590000,1.16000
 0.00009600001,1.16000
 0.00009610001,1.16000
 0.00009620001,1.00000
 0.00009630001,0.08000
 0.00009640001,0.00
 0.00009650000,0.00
 0.00009660000,0.04000
 0.00009670000,1.04000
 0.00009680000,1.12000
 0.00009690000,1.20000
 0.00009699999,1.16000
 0.00009710000,0.36000
 0.00009720000,0.04000
 0.00009730000,0.04000
 0.00009740000,0.04000
 0.00009749999,0.60000
 0.00009759999,1.12000
 0.00009769999,1.16000
 0.00009779999,1.16000
 0.00009789999,1.12000
 0.00009799999,1.16000
 0.00009810000,1.16000
 0.00009820000,1.16000
 0.00009830000,1.04000
 0.00009840000,0.08000
 0.00009849999,0.04000
 0.00009859999,0.00
 0.00009869999,0.04000
 0.00009879999,0.00
 0.00009889999,0.04000
 0.00009900000,0.00
 0.00009910000,0.04000
 0.00009920000,0.68000
 0.00009930000,1.20000
 0.00009940000,1.20000
 0.00009949999,1.12000
 0.00009959999,0.76000
 0.00009969999,0.04000
 0.00009979999,0.00
 0.00009989999,0.00
 0.00010000000,0.12000
 0.00010010000,1.16000
 0.00010020000,1.16000
 0.00010030000,1.16000
 0.00010040000,1.12000
 0.00010049999,1.12000
 0.00010059999,1.12000
 0.00010069999,1.16000
 0.00010079999,1.12000
 0.00010090000,0.36000
 0.00010100000,0.00
 0.00010110000,0.04000
 0.00010120000,0.00
 0.00010130000,0.56000
 0.00010140000,1.16000
 0.00010149999,1.16000
 0.00010159999,1.16000
 0.00010169999,0.84000
 0.00010179999,0.04000
 0.00010190000,0.04000
 0.00010200000,0.00
 0.00010210000,0.04000
 0.00010220000,0.00
 0.00010230000,0.04000
 0.00010240000,0.00
 0.00010249999,0.04000
 0.00010259999,0.96000
 0.00010269999,1.16000
 0.00010280000,1.16000
 0.00010290000,1.16000
 0.00010300000,1.12000
 0.00010310000,1.16000
 0.00010320000,1.12000
 0.00010330000,1.12000
 0.00010340000,0.76000
 0.00010349999,0.04000
 0.00010359999,0.00
 0.00010369999,0.00
 0.00010380000,0.12000
 0.00010390000,1.16000
 0.00010400000,1.12000
 0.00010410000,1.12000
 0.00010420000,1.12000
 0.00010430000,0.20000
 0.00010440000,0.04000
 0.00010449999,0.04000
 0.00010459999,0.00
 0.00010470000,0.04000
 0.00010480000,0.04000
 0.00010490000,0.04000
 0.00010500000,-0.04000
 0.00010510000,0.52000
 0.00010520000,1.16000
 0.00010530000,1.16000
 0.00010540000,1.16000
 0.00010550000,1.16000
 0.00010560000,1.16000
 0.00010570000,1.12000
 0.00010580000,1.16000
 0.00010590000,1.08000
 0.00010600000,0.12000
 0.00010610000,0.00
 0.00010620000,0.00
 0.00010630000,0.04000
 0.00010640000,0.92000
 0.00010650000,1.16000
 0.00010660000,1.16000
 0.00010670000,1.16000
 0.00010680000,0.56000
 0.00010690000,0.04000
 0.00010700000,0.00
 0.00010710000,0.04000
 0.00010720000,0.32000
 0.00010730000,1.16000
 0.00010740000,1.16000
 0.00010750000,1.16000
 0.00010760000,1.00000
 0.00010770000,0.08000
 0.00010780000,0.00
 0.00010790000,0.00
 0.00010800000,0.00
 0.00010810000,0.04000
 0.00010820000,0.00
 0.00010830000,0.04000
 0.00010840000,0.00
 0.00010850000,0.80000
 0.00010860000,1.16000
 0.00010870000,1.20000
 0.00010880000,1.16000
 0.00010890000,0.64000
 0.00010900000,0.08000
 0.00010910000,0.00
 0.00010920000,0.00
 0.00010930000,0.20000
 0.00010940000,1.16000
 0.00010950000,1.16000
 0.00010960000,1.16000
 0.00010970000,1.16000
 0.00010980000,1.16000
 0.00010990000,1.16000
 0.00011000000,1.12000
 0.00011010000,1.12000
 0.00011020000,0.32000
 0.00011030000,0.00
 0.00011040000,0.00
 0.00011050000,0.04000
 0.00011060000,0.68000
 0.00011070000,1.16000
 0.00011080000,1.16000
 0.00011090000,1.20000
 0.00011100000,0.80000
 0.00011110000,0.04000
 0.00011120000,0.04000
 0.00011130000,0.00
 0.00011140000,0.08000
 0.00011150000,1.16000
 0.00011160000,1.16000
 0.00011170000,1.16000
 0.00011180000,1.12000
 0.00011190000,0.20000
 0.00011200000,0.00
 0.00011210000,0.04000
 0.00011220000,0.04000
 0.00011230000,0.80000
 0.00011240000,1.12000
 0.00011250000,1.16000
 0.00011260000,1.12000
 0.00011270000,0.64000
 0.00011280000,0.08000
 0.00011290000,0.04000
 0.00011300000,0.04000
 0.00011310000,0.24000
 0.00011320000,1.16000
 0.00011330000,1.12000
 0.00011340000,1.16000
 0.00011350000,1.12000
 0.00011360000,0.16000
 0.00011370000,0.04000
 0.00011380000,0.00
 0.00011390000,0.04000
 0.00011400000,0.04000
 0.00011410000,0.04000
 0.00011420000,0.00
 0.00011430000,0.04000
 0.00011440000,0.64000
 0.00011450000,1.16000
 0.00011460000,1.16000
 0.00011470000,1.12000
 0.00011480000,0.84000
 0.00011490000,0.08000
 0.00011500000,0.04000
 0.00011510000,0.04000
 0.00011520000,0.04000
 0.00011530000,1.12000
 0.00011540000,1.12000
 0.00011550000,1.16000
 0.00011560000,1.12000
 0.00011570000,1.16000
 0.00011580000,1.16000
 0.00011590000,1.16000
 0.00011600000,1.12000
 0.00011610000,0.44000
 0.00011620000,0.00
 0.00011630000,0.04000
 0.00011640000,0.00
 0.00011650000,0.52000
 0.00011660000,1.16000
 0.00011670000,1.16000
 0.00011680000,1.16000
 0.00011690000,0.92000
 0.00011700000,0.08000
 0.00011710000,0.04000
 0.00011720000,0.04000
 0.00011730000,0.00
 0.00011740001,1.08000
 0.00011750000,1.16000
 0.00011760000,1.16000
 0.00011770000,1.12000
 0.00011780000,0.36000
 0.00011790000,0.04000
 0.00011800000,0.04000
 0.00011810000,0.00
 0.00011820000,0.04000
 0.00011830000,0.00
 0.00011840000,0.00
 0.00011849999,0.00
 0.00011859999,0.32000
 0.00011870000,1.20000
 0.00011880000,1.16000
 0.00011890000,1.20000
 0.00011900000,1.12000
 0.00011910000,1.12000
 0.00011920000,1.12000
 0.00011930000,1.16000
 0.00011940000,1.16000
 0.00011949999,0.24000
 0.00011960000,0.04000
 0.00011970000,0.04000
 0.00011980000,0.00
 0.00011990000,0.72000
 0.00012000000,1.16000
 0.00012010000,1.16000
 0.00012020000,1.12000
 0.00012030000,0.72000
 0.00012040000,0.00
 0.00012049999,0.00
 0.00012060000,0.00
 0.00012070000,0.04000
 0.00012080000,0.00
 0.00012090000,0.08000
 0.00012100000,0.00
 0.00012110000,0.00
 0.00012120000,1.04000
 0.00012130000,1.20000
 0.00012140000,1.16000
 0.00012150000,1.16000
 0.00012160000,0.36000
 0.00012170000,0.00
 0.00012180000,0.00
 0.00012190000,0.04000
 0.00012200000,0.64000
 0.00012210000,1.12000
 0.00012220000,1.16000
 0.00012230000,1.12000
 0.00012240000,0.88000
 0.00012250000,0.08000
 0.00012260000,0.04000
 0.00012270000,0.04000
 0.00012280000,0.04000
 0.00012290001,1.12000
 0.00012300001,1.16000
 0.00012310001,1.16000
 0.00012320001,1.12000
 0.00012330001,1.16000
 0.00012340001,1.12000
 0.00012350001,1.12000
 0.00012360001,1.16000
 0.00012370001,0.48000
 0.00012380001,0.00
 0.00012390002,0.04000
 0.00012400000,0.04000
 0.00012410000,0.00
 0.00012420000,0.00
 0.00012430000,0.00
 0.00012440000,0.00
 0.00012450000,0.20000
 0.00012460000,1.16000
 0.00012470000,1.16000
 0.00012480001,1.16000
 0.00012490001,1.16000
 0.00012500001,0.20000
 0.00012510001,0.04000
 0.00012520001,0.00
 0.00012530001,0.04000
 0.00012540001,0.84000
 0.00012550001,1.20000
 0.00012560001,1.12000
 0.00012570001,1.16000
 0.00012580002,1.12000
 0.00012590002,1.12000
 0.00012600000,1.16000
 0.00012610000,1.16000
 0.00012620000,0.84000
 0.00012630000,0.08000
 0.00012640000,0.00
 0.00012650000,0.00
 0.00012660000,0.04000
 0.00012670001,1.08000
 0.00012680001,1.12000
 0.00012690001,1.20000
 0.00012700001,1.16000
 0.00012710001,0.28000
 0.00012720001,0.00
 0.00012730001,0.04000
 0.00012740001,0.04000
 0.00012750001,0.72000
 0.00012760001,1.12000
 0.00012770002,1.16000
 0.00012780002,1.12000
 0.00012790002,0.72000
 0.00012800000,0.04000
 0.00012810000,0.00
 0.00012820000,0.00
 0.00012830000,0.04000
 0.00012840000,0.04000
 0.00012850000,0.00
 0.00012860001,0.08000
 0.00012870001,0.04000
 0.00012880001,1.08000
 0.00012890001,1.16000
 0.00012899999,1.16000
 0.00012909999,1.16000
 0.00012919999,0.40000
 0.00012929999,0.04000
 0.00012939999,0.04000
 0.00012950000,0.04000
 0.00012960000,0.52000
 0.00012970000,1.20000
 0.00012980000,1.16000
 0.00012990000,1.12000
 0.00013000000,0.96000
 0.00013010000,0.04000
 0.00013020000,0.04000
 0.00013030000,0.04000
 0.00013040000,0.04000
 0.00013050001,1.12000
 0.00013060001,1.16000
 0.00013070001,1.16000
 0.00013080001,1.12000
 0.00013090001,1.12000
 0.00013099999,1.16000
 0.00013110000,1.16000
 0.00013120000,1.16000
 0.00013130000,0.52000
 0.00013140000,0.04000
 0.00013150000,0.00
 0.00013160000,0.04000
 0.00013170000,0.00
 0.00013180000,0.04000
 0.00013190000,0.00
 0.00013200000,0.00
 0.00013210000,0.16000
 0.00013220000,1.12000
 0.00013230000,1.16000
 0.00013240000,1.16000
 0.00013250000,1.16000
 0.00013260000,0.24000
 0.00013270000,0.04000
 0.00013280000,0.00
 0.00013290002,0.04000
 0.00013300000,0.84000
 0.00013310000,1.12000
 0.00013320000,1.12000
 0.00013330000,1.20000
 0.00013340000,1.16000
 0.00013350000,1.12000
 0.00013360000,1.12000
 0.00013370000,1.16000
 0.00013380000,0.96000
 0.00013390000,0.04000
 0.00013400000,0.00
 0.00013410000,0.04000
 0.00013420000,0.00
 0.00013430000,1.08000
 0.00013440000,1.12000
 0.00013450000,1.16000
 0.00013460000,1.16000
 0.00013470000,0.32000
 0.00013480000,0.04000
 0.00013490002,0.04000
 0.00013500000,0.04000
 0.00013510000,0.68000
 0.00013520000,1.12000
 0.00013530000,1.16000
 0.00013540000,1.16000
 0.00013550000,0.76000
 0.00013560000,0.08000
 0.00013570000,0.04000
 0.00013580000,0.00
 0.00013590000,0.00
 0.00013600000,0.00
 0.00013610000,0.04000
 0.00013620000,0.00
 0.00013630000,0.04000
 0.00013640000,1.04000
 0.00013650000,1.20000
 0.00013660000,1.20000
 0.00013670000,1.12000
 0.00013680002,1.16000
 0.00013690002,1.12000
 0.00013700000,1.16000
 0.00013710000,1.16000
 0.00013720000,0.68000
 0.00013730000,0.04000
 0.00013740000,0.00
 0.00013750000,0.00
 0.00013760000,0.20000
 0.00013770000,1.16000
 0.00013780000,1.16000
 0.00013790000,1.12000
 0.00013800000,1.12000
 0.00013810000,0.16000
 0.00013820000,0.00
 0.00013830000,0.00
 0.00013840000,0.04000
 0.00013850000,0.04000
 0.00013860000,0.00
 0.00013870002,0.04000
 0.00013880002,0.00
 0.00013890002,0.68000
 0.00013900000,1.20000
 0.00013910000,1.16000
 0.00013920000,1.12000
 0.00013930000,1.16000
 0.00013940000,1.16000
 0.00013950000,1.16000
 0.00013960000,1.16000
 0.00013970000,1.00000
 0.00013980000,0.12000
 0.00013990000,0.00
 0.00014000000,0.00
 0.00014010000,0.08000
 0.00014020000,1.00000
 0.00014030000,1.16000
 0.00014040000,1.16000
 0.00014050000,1.12000
 0.00014060002,0.44000
 0.00014070002,0.04000
 0.00014080002,0.00
 0.00014090002,0.00
 0.00014100000,0.48000
 0.00014110000,1.12000
 0.00014120000,1.08000
 0.00014130000,1.20000
 0.00014140000,0.96000
 0.00014150000,0.08000
 0.00014160000,0.04000
 0.00014170000,0.04000
 0.00014180000,0.04000
 0.00014190000,1.12000
 0.00014200000,1.20000
 0.00014210000,1.12000
 0.00014220000,1.16000
 0.00014230000,0.32000
 0.00014240000,0.00
 0.00014250002,0.00
 0.00014260002,0.00
 0.00014270002,0.64000
 0.00014280002,1.16000
 0.00014290002,1.16000
 0.00014300000,1.16000
 0.00014310000,0.84000
 0.00014320000,0.04000
 0.00014330000,0.04000
 0.00014340000,0.04000
 0.00014350000,0.04000
 0.00014360000,0.04000
 0.00014370000,0.04000
 0.00014380000,0.00
 0.00014390000,0.04000
 0.00014400000,1.00000
 0.00014410000,1.16000
 0.00014420000,1.16000
 0.00014430000,1.12000
 0.00014440002,0.52000
 0.00014450002,0.00
 0.00014460002,0.00
 0.00014470002,0.00
 0.00014480002,0.48000
 0.00014490002,1.20000
 0.00014500000,1.16000
 0.00014510000,1.16000
 0.00014520000,1.00000
 0.00014530000,0.04000
 0.00014540000,0.04000
 0.00014550000,0.04000
 0.00014560000,0.04000
 0.00014570000,1.08000
 0.00014580000,1.12000
 0.00014590000,1.12000
 0.00014600000,1.16000
 0.00014610000,0.36000
 0.00014620000,0.00
 0.00014630002,0.00
 0.00014640002,0.00
 0.00014650002,0.64000
 0.00014660002,1.12000
 0.00014670002,1.20000
 0.00014680002,1.16000
 0.00014690002,0.80000
 0.00014700000,0.04000
 0.00014710000,0.00
 0.00014720000,0.04000
 0.00014730000,0.08000
 0.00014740000,1.12000
 0.00014750000,1.12000
 0.00014760000,1.16000
 0.00014770000,1.16000
 0.00014780000,1.12000
 0.00014790000,1.12000
 0.00014800000,1.12000
 0.00014810000,1.16000
 0.00014820002,0.48000
 0.00014830002,0.00
 0.00014840002,0.00
 0.00014850002,0.04000
 0.00014860002,0.40000
 0.00014870002,1.16000
 0.00014880002,1.16000
 0.00014890002,1.16000
 0.00014900000,0.96000
 0.00014910000,0.08000
 0.00014920000,0.00
 0.00014930000,0.00
 0.00014940000,0.00
 0.00014950000,0.04000
 0.00014960000,0.04000
 0.00014970000,0.00
 0.00014980000,0.00
 0.00014990000,0.88000
 0.00015000000,1.16000
 0.00015010000,1.20000
 0.00015020000,1.16000
 0.00015030000,0.60000
 0.00015040000,0.04000
 0.00015050000,0.04000
 0.00015060000,0.00
 0.00015070000,0.32000
 0.00015080000,1.16000
 0.00015090000,1.16000
 0.00015100000,1.16000
 0.00015110000,1.08000
 0.00015120000,0.08000
 0.00015130000,0.04000
 0.00015140000,0.00
 0.00015150000,0.00
 0.00015160000,1.00000
 0.00015170000,1.16000
 0.00015180000,1.12000
 0.00015190000,1.16000
 0.00015200000,1.12000
 0.00015210000,1.12000
 0.00015220000,1.12000
 0.00015230000,1.16000
 0.00015240000,0.72000
 0.00015250000,0.04000
 0.00015260000,0.00
 0.00015270000,0.04000
 0.00015280000,0.04000
 0.00015290000,0.00
 0.00015300000,0.00
 0.00015310000,0.04000
 0.00015320000,0.00
 0.00015330000,1.08000
 0.00015340000,1.16000
 0.00015350000,1.16000
 0.00015360000,1.16000
 0.00015370000,0.36000
 0.00015380000,0.04000
 0.00015390000,0.04000
 0.00015400000,0.00
 0.00015410000,0.56000
 0.00015420000,1.16000
 0.00015430000,1.12000
 0.00015440000,1.16000
 0.00015450000,1.12000
 0.00015460000,1.16000
 0.00015470000,1.16000
 0.00015480000,1.12000
 0.00015490000,1.04000
 0.00015500000,0.12000
 0.00015510000,0.04000
 0.00015520000,0.00
 0.00015530000,0.04000
 0.00015540000,0.96000
 0.00015550000,1.16000
 0.00015560000,1.16000
 0.00015570000,1.16000
 0.00015580000,0.56000
 0.00015590002,0.04000
 0.00015600000,0.04000
 0.00015610000,0.00
 0.00015620000,0.40000
 0.00015630000,1.16000
 0.00015640000,1.12000
 0.00015650000,1.16000
 0.00015660000,1.00000
 0.00015670000,0.08000
 0.00015680000,0.04000
 0.00015690000,0.04000
 0.00015700000,0.00
 0.00015710000,0.00
 0.00015720000,0.04000
 0.00015730000,0.04000
 0.00015740000,0.00
 0.00015750000,0.88000
 0.00015760000,1.16000
 0.00015770000,1.12000
 0.00015780002,1.16000
 0.00015790002,1.16000
 0.00015800000,1.16000
 0.00015810000,1.16000
 0.00015820000,1.16000
 0.00015830000,0.84000
 0.00015840000,0.04000
 0.00015850000,0.00
 0.00015860000,0.04000
 0.00015870000,0.04000
 0.00015880000,1.12000
 0.00015890000,1.16000
 0.00015900000,1.16000
 0.00015910000,1.12000
 0.00015920000,0.28000
 0.00015930000,0.00
 0.00015940000,0.04000
 0.00015950000,0.00
 0.00015960000,0.04000
 0.00015970002,0.00
 0.00015980002,0.04000
 0.00015990002,0.08000
 0.00016000000,0.48000
 0.00016010000,1.16000
 0.00016020000,1.16000
 0.00016030000,1.16000
 0.00016040000,1.04000
 0.00016050000,0.04000
 0.00016060000,0.04000
 0.00016070000,0.04000
 0.00016080000,0.04000
 0.00016090000,1.00000
 0.00016100000,1.12000
 0.00016110000,1.16000
 0.00016120000,1.16000
 0.00016130000,0.32000
 0.00016140000,0.00
 0.00016150000,0.04000
 0.00016160002,0.00
 0.00016170002,0.56000
 0.00016180002,1.16000
 0.00016190002,1.16000
 0.00016200000,1.16000
 0.00016210000,0.84000
 0.00016220000,0.04000
 0.00016230000,0.00
 0.00016240000,0.00
 0.00016250000,0.04000
 0.00016260000,1.08000
 0.00016270000,1.16000
 0.00016280000,1.16000
 0.00016290000,1.16000
 0.00016300000,1.12000
 0.00016310000,1.16000
 0.00016320000,1.12000
 0.00016330000,1.16000
 0.00016340000,0.52000
 0.00016350002,0.04000
 0.00016360002,0.00
 0.00016370002,0.04000
 0.00016380002,0.44000
 0.00016390002,1.16000
 0.00016400000,1.12000
 0.00016410000,1.12000
 0.00016420000,1.00000
 0.00016430000,0.12000
 0.00016440000,0.00
 0.00016450000,0.00
 0.00016460000,0.04000
 0.00016470000,0.04000
 0.00016480000,0.04000
 0.00016490000,0.04000
 0.00016500000,0.04000
 0.00016510000,0.84000
 0.00016520000,1.16000
 0.00016530000,1.16000
 0.00016540002,1.16000
 0.00016550002,0.64000
 0.00016560002,0.04000
 0.00016570002,0.00
 0.00016580002,0.00
 0.00016590002,0.28000
 0.00016600000,1.12000
 0.00016610000,1.20000
 0.00016620000,1.16000
 0.00016630000,1.16000
 0.00016640000,1.16000
 0.00016650000,1.12000
 0.00016660000,1.16000
 0.00016670000,1.12000
 0.00016680000,0.32000
 0.00016690000,0.04000
 0.00016700000,0.00
 0.00016710000,0.04000
 0.00016720000,0.68000
 0.00016730002,1.12000
 0.00016740002,1.12000
 0.00016750002,1.16000
 0.00016760002,0.76000
 0.00016770002,0.04000
 0.00016780002,0.04000
 0.00016790002,0.04000
 0.00016800000,0.00
 0.00016810000,0.00
 0.00016820000,0.00
 0.00016830000,0.04000
 0.00016840000,0.00
 0.00016850000,1.08000
 0.00016860000,1.16000
 0.00016870000,1.20000
 0.00016880000,1.12000
 0.00016890000,0.40000
 0.00016900000,0.04000
 0.00016910000,0.00
 0.00016920000,0.00
 0.00016930002,0.56000
 0.00016940002,1.16000
 0.00016950002,1.12000
 0.00016960002,1.20000
 0.00016970002,1.12000
 0.00016980002,1.12000
 0.00016990002,1.12000
 0.00017000000,1.12000
 0.00017010000,1.08000
 0.00017020000,0.12000
 0.00017030000,0.00
 0.00017040000,0.00
 0.00017050000,0.04000
 0.00017060000,0.00
 0.00017070000,0.00
 0.00017080000,0.04000
 0.00017090000,0.04000
 0.00017100000,0.68000
 0.00017110000,1.20000
 0.00017120000,1.20000
 0.00017130000,1.16000
 0.00017140000,0.80000
 0.00017150000,0.04000
 0.00017160000,0.04000
 0.00017170000,0.08000
 0.00017180000,0.16000
 0.00017190000,1.12000
 0.00017200000,1.16000
 0.00017210000,1.16000
 0.00017220000,1.16000
 0.00017230000,1.16000
 0.00017240000,1.12000
 0.00017250000,1.16000
 0.00017260000,1.16000
 0.00017270000,0.36000
 0.00017280000,0.00
 0.00017290000,0.04000
 0.00017300000,0.00
 0.00017310000,0.00
 0.00017320000,0.00
 0.00017330000,0.04000
 0.00017340000,0.04000
 0.00017350000,0.24000
 0.00017360000,1.16000
 0.00017370000,1.16000
 0.00017380000,1.12000
 0.00017390000,1.08000
 0.00017400000,0.12000
 0.00017410000,0.04000
 0.00017420000,0.04000
 0.00017430000,0.04000
 0.00017440000,0.96000
 0.00017450000,1.16000
 0.00017460000,1.16000
 0.00017470000,1.16000
 0.00017480000,0.52000
 0.00017490000,0.00
 0.00017500000,0.00
 0.00017510000,0.04000
 0.00017520000,0.36000
 0.00017530000,1.20000
 0.00017540000,1.12000
 0.00017550000,1.16000
 0.00017560000,1.04000
 0.00017570000,0.08000
 0.00017580000,0.00
 0.00017590000,0.04000
 0.00017600000,0.00
 0.00017610000,1.04000
 0.00017620000,1.16000
 0.00017630000,1.16000
 0.00017640000,1.16000
 0.00017650000,0.44000
 0.00017660000,0.00
 0.00017670000,0.04000
 0.00017680000,0.00
 0.00017690002,0.56000
 0.00017700000,1.12000
 0.00017710000,1.12000
 0.00017720000,1.16000
 0.00017730000,1.16000
 0.00017740000,1.16000
 0.00017750000,1.12000
 0.00017760000,1.12000
 0.00017770000,1.04000
 0.00017780000,0.16000
 0.00017790000,0.00
 0.00017800000,0.00
 0.00017810000,0.00
 0.00017820000,0.96000
 0.00017830000,1.12000
 0.00017840000,1.16000
 0.00017850000,1.12000
 0.00017860000,0.56000
 0.00017870000,0.04000
 0.00017880002,0.00
 0.00017890002,0.00
 0.00017900000,0.40000
 0.00017910000,1.16000
 0.00017920000,1.12000
 0.00017930000,1.12000
 0.00017940000,1.04000
 0.00017950000,0.08000
 0.00017960000,0.04000
 0.00017970000,0.04000
 0.00017980000,0.00
 0.00017990000,1.04000
 0.00018000000,1.12000
 0.00018010000,1.16000
 0.00018020000,1.16000
 0.00018030000,0.40000
 0.00018040000,0.00
 0.00018050000,0.00
 0.00018060000,0.00
 0.00018070002,0.56000
 0.00018080002,1.12000
 0.00018090002,1.12000
 0.00018100000,1.12000
 0.00018110000,0.88000
 0.00018120000,0.08000
 0.00018130000,0.04000
 0.00018140000,0.04000
 0.00018150000,0.04000
 0.00018160000,1.08000
 0.00018170000,1.20000
 0.00018180000,1.16000
 0.00018190000,1.16000
 0.00018200000,0.40000
 0.00018210000,0.00
 0.00018220000,0.00
 0.00018230000,0.00
 0.00018240000,0.64000
 0.00018250000,1.16000
 0.00018260002,1.16000
 0.00018270002,1.16000
 0.00018280002,0.80000
 0.00018290002,0.08000
 0.00018300000,0.00
 0.00018310000,0.00
 0.00018320000,0.00
 0.00018330000,0.08000
 0.00018340000,0.04000
 0.00018350000,0.00
 0.00018360000,0.04000
 0.00018370000,1.00000
 0.00018380000,1.16000
 0.00018390000,1.20000
 0.00018400000,1.12000
 0.00018410000,0.40000
 0.00018420000,0.00
 0.00018430000,0.04000
 0.00018440000,0.04000
 0.00018450002,0.56000
 0.00018460002,1.16000
 0.00018470002,1.12000
 0.00018480002,1.16000
 0.00018490002,1.16000
 0.00018500000,1.12000
 0.00018510000,1.16000
 0.00018520000,1.16000
 0.00018530000,1.08000
 0.00018540000,0.16000
 0.00018550000,0.00
 0.00018560000,0.00
 0.00018570000,0.04000
 0.00018580000,0.00
 0.00018590000,0.00
 0.00018600000,0.04000
 0.00018610000,0.00
 0.00018620000,0.64000
 0.00018630000,1.16000
 0.00018640000,1.28000
 0.00018650002,1.16000
 0.00018660002,0.84000
 0.00018670002,0.04000
 0.00018680002,0.00
 0.00018690002,0.00
 0.00018700000,0.08000
 0.00018710000,1.12000
 0.00018720000,1.16000
 0.00018730000,1.16000
 0.00018740000,1.16000
 0.00018750000,1.20000
 0.00018760000,1.12000
 0.00018770000,1.16000
 0.00018780000,1.16000
 0.00018790000,0.40000
 0.00018800000,0.00
 0.00018810000,0.00
 0.00018820000,0.00
 0.00018830000,0.48000
 0.00018840002,1.16000
 0.00018850002,1.16000
 0.00018860002,1.16000
 0.00018870002,0.88000
 0.00018880002,0.08000
 0.00018890002,0.00
 0.00018900000,0.00
 0.00018910000,0.00
 0.00018920000,0.04000
 0.00018930000,0.04000
 0.00018940000,0.04000
 0.00018950000,0.00
 0.00018960000,0.96000
 0.00018970000,1.16000
 0.00018980000,1.12000
 0.00018990000,1.12000
 0.00019000000,0.52000
 0.00019010000,0.00
 0.00019020000,0.00
 0.00019030002,0.00
 0.00019040002,0.36000
 0.00019050002,1.16000
 0.00019060002,1.16000
 0.00019070002,1.12000
 0.00019080002,1.16000
 0.00019090002,1.12000
 0.00019100000,1.16000
 0.00019110000,1.12000
 0.00019120000,1.12000
 0.00019130000,0.20000
 0.00019140000,0.04000
 0.00019150000,0.00
 0.00019160000,0.00
 0.00019170000,0.04000
 0.00019180000,0.04000
 0.00019190000,0.04000
 0.00019200000,0.00
 0.00019210000,0.48000
 0.00019220002,1.20000
 0.00019230002,1.20000
 0.00019240002,1.16000
 0.00019250002,0.92000
 0.00019260002,0.04000
 0.00019270002,0.00
 0.00019280002,0.00
 0.00019290002,0.04000
 0.00019300000,1.08000
 0.00019310000,1.16000
 0.00019320000,1.16000
 0.00019330000,1.16000
 0.00019340000,1.16000
 0.00019350000,1.16000
 0.00019360000,1.16000
 0.00019370000,1.16000
 0.00019380000,0.56000
 0.00019390000,0.04000
 0.00019400000,0.00
 0.00019410000,0.04000
 0.00019420000,0.00
 0.00019430000,0.04000
 0.00019440000,0.00
 0.00019450000,0.04000
 0.00019460000,0.04000
 0.00019470000,1.16000
 0.00019480000,1.16000
 0.00019490000,1.16000
 0.00019500000,1.16000
 0.00019510000,0.24000
 0.00019520000,0.04000
 0.00019530000,0.04000
 0.00019540000,0.00
 0.00019550000,0.76000
 0.00019560000,1.16000
 0.00019570000,1.16000
 0.00019580000,1.16000
 0.00019590000,1.12000
 0.00019600000,1.16000
 0.00019610000,1.12000
 0.00019620000,1.12000
 0.00019630000,0.96000
 0.00019640000,0.04000
 0.00019650000,0.00
 0.00019660000,0.04000
 0.00019670000,0.00
 0.00019680000,1.08000
 0.00019690000,1.16000
 0.00019700000,1.12000
 0.00019710000,1.12000
 0.00019720000,0.32000
 0.00019730000,0.04000
 0.00019740000,0.00
 0.00019750000,0.04000
 0.00019760000,0.04000
 0.00019770000,0.04000
 0.00019780000,0.00
 0.00019790002,0.04000
 0.00019800000,0.32000
 0.00019810000,1.16000
 0.00019820000,1.16000
 0.00019830000,1.12000
 0.00019840000,1.12000
 0.00019850000,1.16000
 0.00019860000,1.12000
 0.00019870000,1.16000
 0.00019880000,1.16000
 0.00019890000,0.24000
 0.00019900000,0.00
 0.00019910000,0.08000
 0.00019920000,0.00
 0.00019930000,0.76000
 0.00019940000,1.16000
 0.00019950000,1.16000
 0.00019960000,1.12000
 0.00019970000,0.68000
 0.00019980002,0.04000
 0.00019990002,0.00
 0.00020000000,0.04000
 0.00020010000,0.20000
 0.00020020000,1.12000
 0.00020030000,1.12000
 0.00020040000,1.12000
 0.00020050000,1.12000
 0.00020060000,0.16000
 0.00020070000,0.00
 0.00020080000,0.00
 0.00020090000,0.04000
 0.00020100000,0.84000
 0.00020110000,1.16000
 0.00020120000,1.16000
 0.00020130000,1.16000
 0.00020140000,0.64000
 0.00020150000,0.00
 0.00020160000,0.04000
 0.00020170002,0.04000
 0.00020180002,0.00
 0.00020190002,0.04000
 0.00020200000,0.04000
 0.00020210000,0.00
 0.00020220000,0.04000
 0.00020230000,1.08000
 0.00020240000,1.16000
 0.00020250000,1.16000
 0.00020260000,1.16000
 0.00020270000,0.28000
 0.00020280000,0.00
 0.00020290000,0.04000
 0.00020300000,0.00
 0.00020310000,0.72000
 0.00020320000,1.16000
 0.00020330000,1.16000
 0.00020340000,1.12000
 0.00020350000,1.16000
 0.00020360000,1.16000
 0.00020370002,1.12000
 0.00020380002,1.12000
 0.00020390002,0.92000
 0.00020400000,0.04000
 0.00020410000,0.04000
 0.00020420000,0.04000
 0.00020430000,0.04000
 0.00020440000,0.04000
 0.00020450000,0.04000
 0.00020460000,0.04000
 0.00020470000,0.04000
